DATE,REGION,Total_cases,Risk Index
2020-03-15,Brussels,119,0
2020-03-15,Flanders,461,0
2020-03-15,Wallonia,383,0
2020-03-16,Brussels,238,0
2020-03-16,Flanders,794,0
2020-03-16,Wallonia,568,0
2020-03-17,Brussels,219,0
2020-03-17,Flanders,1414,1
2020-03-17,Wallonia,654,0
2020-03-18,Brussels,346,0
2020-03-18,Flanders,1962,1
2020-03-18,Wallonia,925,0
2020-03-19,Brussels,583,0
2020-03-19,Flanders,2212,1
2020-03-19,Wallonia,1245,1
2020-03-20,Brussels,504,0
2020-03-20,Flanders,3230,1
2020-03-20,Wallonia,1468,1
2020-03-21,Brussels,683,0
2020-03-21,Flanders,2951,1
2020-03-21,Wallonia,1377,1
2020-03-22,Brussels,719,0
2020-03-22,Flanders,2262,1
2020-03-22,Wallonia,1464,1
2020-03-23,Brussels,515,0
2020-03-23,Flanders,3679,1
2020-03-23,Wallonia,1758,1
2020-03-24,Brussels,1058,1
2020-03-24,Flanders,5412,2
2020-03-24,Wallonia,1777,1
2020-03-25,Brussels,1312,1
2020-03-25,Flanders,6299,2
2020-03-25,Wallonia,2424,1
2020-03-26,Brussels,1517,1
2020-03-26,Flanders,5462,2
2020-03-26,Wallonia,2726,1
2020-03-27,Brussels,1859,1
2020-03-27,Flanders,6398,2
2020-03-27,Wallonia,2962,1
2020-03-28,Brussels,1856,1
2020-03-28,Flanders,6535,2
2020-03-28,Wallonia,2644,1
2020-03-29,Brussels,1661,1
2020-03-29,Flanders,4855,1
2020-03-29,Wallonia,2441,1
2020-03-30,Brussels,986,0
2020-03-30,Flanders,6131,2
2020-03-30,Wallonia,3155,1
2020-03-31,Brussels,2096,1
2020-03-31,Flanders,6389,2
2020-03-31,Wallonia,2698,1
2020-04-01,Brussels,1591,1
2020-04-01,Flanders,6428,2
2020-04-01,Wallonia,3667,1
2020-04-02,Brussels,1973,1
2020-04-02,Flanders,5815,2
2020-04-02,Wallonia,3714,1
2020-04-03,Brussels,1283,1
2020-04-03,Flanders,6709,2
2020-04-03,Wallonia,2425,1
2020-04-04,Brussels,1377,1
2020-04-04,Flanders,5143,2
2020-04-04,Wallonia,2549,1
2020-04-05,Brussels,1072,1
2020-04-05,Flanders,3407,1
2020-04-05,Wallonia,1782,1
2020-04-06,Brussels,1061,1
2020-04-06,Flanders,4508,1
2020-04-06,Wallonia,2051,1
2020-04-07,Brussels,1562,1
2020-04-07,Flanders,5555,2
2020-04-07,Wallonia,2583,1
2020-04-08,Brussels,1262,1
2020-04-08,Flanders,4790,1
2020-04-08,Wallonia,3260,1
2020-04-09,Brussels,1601,1
2020-04-09,Flanders,5465,2
2020-04-09,Wallonia,3493,1
2020-04-10,Brussels,1203,1
2020-04-10,Flanders,5766,2
2020-04-10,Wallonia,2828,1
2020-04-11,Brussels,762,0
2020-04-11,Flanders,4320,1
2020-04-11,Wallonia,2182,1
2020-04-12,Brussels,843,0
2020-04-12,Flanders,2547,1
2020-04-12,Wallonia,1099,1
2020-04-13,Brussels,775,0
2020-04-13,Flanders,2423,1
2020-04-13,Wallonia,991,0
2020-04-14,Brussels,708,0
2020-04-14,Flanders,3412,1
2020-04-14,Wallonia,1576,1
2020-04-15,Brussels,903,0
2020-04-15,Flanders,3973,1
2020-04-15,Wallonia,2139,1
2020-04-16,Brussels,1019,1
2020-04-16,Flanders,3708,1
2020-04-16,Wallonia,2441,1
2020-04-17,Brussels,1037,1
2020-04-17,Flanders,3417,1
2020-04-17,Wallonia,1990,1
2020-04-18,Brussels,578,0
2020-04-18,Flanders,2255,1
2020-04-18,Wallonia,1867,1
2020-04-19,Brussels,503,0
2020-04-19,Flanders,1766,1
2020-04-19,Wallonia,1215,1
2020-04-20,Brussels,439,0
2020-04-20,Flanders,2106,1
2020-04-20,Wallonia,1752,1
2020-04-21,Brussels,572,0
2020-04-21,Flanders,2866,1
2020-04-21,Wallonia,2275,1
2020-04-22,Brussels,812,0
2020-04-22,Flanders,1752,1
2020-04-22,Wallonia,1530,1
2020-04-23,Brussels,667,0
2020-04-23,Flanders,2139,1
2020-04-23,Wallonia,1537,1
2020-04-24,Brussels,776,0
2020-04-24,Flanders,2177,1
2020-04-24,Wallonia,1279,1
2020-04-25,Brussels,331,0
2020-04-25,Flanders,1638,1
2020-04-25,Wallonia,794,0
2020-04-26,Brussels,247,0
2020-04-26,Flanders,783,0
2020-04-26,Wallonia,623,0
2020-04-27,Brussels,448,0
2020-04-27,Flanders,1523,1
2020-04-27,Wallonia,869,0
2020-04-28,Brussels,390,0
2020-04-28,Flanders,1718,1
2020-04-28,Wallonia,863,0
2020-04-29,Brussels,481,0
2020-04-29,Flanders,1900,1
2020-04-29,Wallonia,843,0
2020-04-30,Brussels,481,0
2020-04-30,Flanders,1477,1
2020-04-30,Wallonia,909,0
2020-05-01,Brussels,130,0
2020-05-01,Flanders,1265,1
2020-05-01,Wallonia,393,0
2020-05-02,Brussels,90,0
2020-05-02,Flanders,831,0
2020-05-02,Wallonia,439,0
2020-05-03,Brussels,87,0
2020-05-03,Flanders,511,0
2020-05-03,Wallonia,114,0
2020-05-04,Brussels,331,0
2020-05-04,Flanders,1331,1
2020-05-04,Wallonia,459,0
2020-05-05,Brussels,367,0
2020-05-05,Flanders,1373,1
2020-05-05,Wallonia,731,0
2020-05-06,Brussels,303,0
2020-05-06,Flanders,1379,1
2020-05-06,Wallonia,535,0
2020-05-07,Brussels,295,0
2020-05-07,Flanders,1359,1
2020-05-07,Wallonia,683,0
2020-05-08,Brussels,189,0
2020-05-08,Flanders,939,0
2020-05-08,Wallonia,574,0
2020-05-09,Brussels,251,0
2020-05-09,Flanders,680,0
2020-05-09,Wallonia,301,0
2020-05-10,Brussels,92,0
2020-05-10,Flanders,246,0
2020-05-10,Wallonia,210,0
2020-05-11,Brussels,157,0
2020-05-11,Flanders,842,0
2020-05-11,Wallonia,204,0
2020-05-12,Brussels,148,0
2020-05-12,Flanders,940,0
2020-05-12,Wallonia,452,0
2020-05-13,Brussels,193,0
2020-05-13,Flanders,864,0
2020-05-13,Wallonia,463,0
2020-05-14,Brussels,126,0
2020-05-14,Flanders,780,0
2020-05-14,Wallonia,381,0
2020-05-15,Brussels,207,0
2020-05-15,Flanders,783,0
2020-05-15,Wallonia,310,0
2020-05-16,Brussels,175,0
2020-05-16,Flanders,368,0
2020-05-16,Wallonia,233,0
2020-05-17,Brussels,22,0
2020-05-17,Flanders,309,0
2020-05-17,Wallonia,49,0
2020-05-18,Brussels,188,0
2020-05-18,Flanders,672,0
2020-05-18,Wallonia,170,0
2020-05-19,Brussels,170,0
2020-05-19,Flanders,754,0
2020-05-19,Wallonia,188,0
2020-05-20,Brussels,151,0
2020-05-20,Flanders,957,0
2020-05-20,Wallonia,376,0
2020-05-21,Brussels,53,0
2020-05-21,Flanders,340,0
2020-05-21,Wallonia,51,0
2020-05-22,Brussels,117,0
2020-05-22,Flanders,532,0
2020-05-22,Wallonia,125,0
2020-05-23,Brussels,60,0
2020-05-23,Flanders,408,0
2020-05-23,Wallonia,174,0
2020-05-24,Brussels,31,0
2020-05-24,Flanders,191,0
2020-05-24,Wallonia,69,0
2020-05-25,Brussels,96,0
2020-05-25,Flanders,599,0
2020-05-25,Wallonia,150,0
2020-05-26,Brussels,68,0
2020-05-26,Flanders,385,0
2020-05-26,Wallonia,193,0
2020-05-27,Brussels,149,0
2020-05-27,Flanders,524,0
2020-05-27,Wallonia,143,0
2020-05-28,Brussels,24,0
2020-05-28,Flanders,378,0
2020-05-28,Wallonia,74,0
2020-05-29,Brussels,110,0
2020-05-29,Flanders,233,0
2020-05-29,Wallonia,97,0
2020-05-30,Brussels,28,0
2020-05-30,Flanders,182,0
2020-05-30,Wallonia,34,0
2020-05-31,Brussels,17,0
2020-05-31,Flanders,116,0
2020-05-31,Wallonia,37,0
2020-06-01,Brussels,42,0
2020-06-01,Flanders,139,0
2020-06-01,Wallonia,35,0
2020-06-02,Brussels,119,0
2020-06-02,Flanders,327,0
2020-06-02,Wallonia,106,0
2020-06-03,Brussels,34,0
2020-06-03,Flanders,258,0
2020-06-03,Wallonia,87,0
2020-06-04,Brussels,128,0
2020-06-04,Flanders,313,0
2020-06-04,Wallonia,96,0
2020-06-05,Brussels,99,0
2020-06-05,Flanders,295,0
2020-06-05,Wallonia,79,0
2020-06-06,Brussels,20,0
2020-06-06,Flanders,145,0
2020-06-06,Wallonia,37,0
2020-06-07,Brussels,60,0
2020-06-07,Flanders,83,0
2020-06-07,Wallonia,34,0
2020-06-08,Brussels,46,0
2020-06-08,Flanders,184,0
2020-06-08,Wallonia,100,0
2020-06-09,Brussels,85,0
2020-06-09,Flanders,235,0
2020-06-09,Wallonia,88,0
2020-06-10,Brussels,95,0
2020-06-10,Flanders,163,0
2020-06-10,Wallonia,62,0
2020-06-11,Brussels,55,0
2020-06-11,Flanders,230,0
2020-06-11,Wallonia,77,0
2020-06-12,Brussels,59,0
2020-06-12,Flanders,127,0
2020-06-12,Wallonia,104,0
2020-06-13,Brussels,21,0
2020-06-13,Flanders,35,0
2020-06-13,Wallonia,34,0
2020-06-14,Brussels,10,0
2020-06-14,Flanders,50,0
2020-06-14,Wallonia,7,0
2020-06-15,Brussels,62,0
2020-06-15,Flanders,158,0
2020-06-15,Wallonia,47,0
2020-06-16,Brussels,43,0
2020-06-16,Flanders,132,0
2020-06-16,Wallonia,93,0
2020-06-17,Brussels,37,0
2020-06-17,Flanders,233,0
2020-06-17,Wallonia,21,0
2020-06-18,Brussels,78,0
2020-06-18,Flanders,122,0
2020-06-18,Wallonia,73,0
2020-06-19,Brussels,63,0
2020-06-19,Flanders,214,0
2020-06-19,Wallonia,43,0
2020-06-20,Brussels,7,0
2020-06-20,Flanders,59,0
2020-06-20,Wallonia,69,0
2020-06-21,Flanders,38,0
2020-06-21,Wallonia,11,0
2020-06-22,Brussels,25,0
2020-06-22,Flanders,179,0
2020-06-22,Wallonia,59,0
2020-06-23,Brussels,20,0
2020-06-23,Flanders,100,0
2020-06-23,Wallonia,84,0
2020-06-24,Brussels,22,0
2020-06-24,Flanders,175,0
2020-06-24,Wallonia,42,0
2020-06-25,Brussels,33,0
2020-06-25,Flanders,125,0
2020-06-25,Wallonia,37,0
2020-06-26,Brussels,83,0
2020-06-26,Flanders,113,0
2020-06-26,Wallonia,74,0
2020-06-27,Brussels,13,0
2020-06-27,Flanders,49,0
2020-06-27,Wallonia,33,0
2020-06-28,Flanders,51,0
2020-06-28,Wallonia,4,0
2020-06-29,Brussels,94,0
2020-06-29,Flanders,156,0
2020-06-29,Wallonia,23,0
2020-06-30,Brussels,23,0
2020-06-30,Flanders,165,0
2020-06-30,Wallonia,31,0
2020-07-01,Brussels,22,0
2020-07-01,Flanders,184,0
2020-07-01,Wallonia,17,0
2020-07-02,Brussels,46,0
2020-07-02,Flanders,122,0
2020-07-02,Wallonia,26,0
2020-07-03,Brussels,17,0
2020-07-03,Flanders,77,0
2020-07-03,Wallonia,40,0
2020-07-04,Brussels,6,0
2020-07-04,Flanders,70,0
2020-07-04,Wallonia,73,0
2020-07-05,Brussels,1,0
2020-07-05,Flanders,43,0
2020-07-05,Wallonia,2,0
2020-07-06,Brussels,34,0
2020-07-06,Flanders,125,0
2020-07-06,Wallonia,27,0
2020-07-07,Brussels,8,0
2020-07-07,Flanders,190,0
2020-07-07,Wallonia,47,0
2020-07-08,Brussels,37,0
2020-07-08,Flanders,161,0
2020-07-08,Wallonia,22,0
2020-07-09,Brussels,28,0
2020-07-09,Flanders,162,0
2020-07-09,Wallonia,23,0
2020-07-10,Brussels,29,0
2020-07-10,Flanders,112,0
2020-07-10,Wallonia,25,0
2020-07-11,Brussels,6,0
2020-07-11,Flanders,109,0
2020-07-11,Wallonia,22,0
2020-07-12,Brussels,12,0
2020-07-12,Flanders,76,0
2020-07-12,Wallonia,7,0
2020-07-13,Brussels,37,0
2020-07-13,Flanders,233,0
2020-07-13,Wallonia,52,0
2020-07-14,Brussels,69,0
2020-07-14,Flanders,195,0
2020-07-14,Wallonia,147,0
2020-07-15,Brussels,47,0
2020-07-15,Flanders,236,0
2020-07-15,Wallonia,88,0
2020-07-16,Brussels,34,0
2020-07-16,Flanders,281,0
2020-07-16,Wallonia,67,0
2020-07-17,Brussels,45,0
2020-07-17,Flanders,296,0
2020-07-17,Wallonia,73,0
2020-07-18,Brussels,17,0
2020-07-18,Flanders,332,0
2020-07-18,Wallonia,44,0
2020-07-19,Brussels,4,0
2020-07-19,Flanders,150,0
2020-07-19,Wallonia,28,0
2020-07-20,Brussels,60,0
2020-07-20,Flanders,478,0
2020-07-20,Wallonia,92,0
2020-07-21,Brussels,16,0
2020-07-21,Flanders,224,0
2020-07-21,Wallonia,19,0
2020-07-22,Brussels,68,0
2020-07-22,Flanders,635,0
2020-07-22,Wallonia,166,0
2020-07-23,Brussels,111,0
2020-07-23,Flanders,690,0
2020-07-23,Wallonia,116,0
2020-07-24,Brussels,107,0
2020-07-24,Flanders,677,0
2020-07-24,Wallonia,177,0
2020-07-25,Brussels,54,0
2020-07-25,Flanders,426,0
2020-07-25,Wallonia,78,0
2020-07-26,Brussels,10,0
2020-07-26,Flanders,295,0
2020-07-26,Wallonia,31,0
2020-07-27,Brussels,84,0
2020-07-27,Flanders,813,0
2020-07-27,Wallonia,133,0
2020-07-28,Brussels,222,0
2020-07-28,Flanders,869,0
2020-07-28,Wallonia,238,0
2020-07-29,Brussels,261,0
2020-07-29,Flanders,629,0
2020-07-29,Wallonia,252,0
2020-07-30,Brussels,185,0
2020-07-30,Flanders,720,0
2020-07-30,Wallonia,259,0
2020-07-31,Brussels,99,0
2020-07-31,Flanders,642,0
2020-07-31,Wallonia,251,0
2020-08-01,Brussels,70,0
2020-08-01,Flanders,379,0
2020-08-01,Wallonia,223,0
2020-08-02,Brussels,53,0
2020-08-02,Flanders,301,0
2020-08-02,Wallonia,142,0
2020-08-03,Brussels,268,0
2020-08-03,Flanders,777,0
2020-08-03,Wallonia,244,0
2020-08-04,Brussels,272,0
2020-08-04,Flanders,611,0
2020-08-04,Wallonia,240,0
2020-08-05,Brussels,394,0
2020-08-05,Flanders,861,0
2020-08-05,Wallonia,314,0
2020-08-06,Brussels,210,0
2020-08-06,Flanders,802,0
2020-08-06,Wallonia,324,0
2020-08-07,Brussels,295,0
2020-08-07,Flanders,774,0
2020-08-07,Wallonia,244,0
2020-08-08,Brussels,230,0
2020-08-08,Flanders,440,0
2020-08-08,Wallonia,153,0
2020-08-09,Brussels,74,0
2020-08-09,Flanders,174,0
2020-08-09,Wallonia,67,0
2020-08-10,Brussels,363,0
2020-08-10,Flanders,966,0
2020-08-10,Wallonia,265,0
2020-08-11,Brussels,330,0
2020-08-11,Flanders,784,0
2020-08-11,Wallonia,406,0
2020-08-12,Brussels,357,0
2020-08-12,Flanders,590,0
2020-08-12,Wallonia,240,0
2020-08-13,Brussels,340,0
2020-08-13,Flanders,796,0
2020-08-13,Wallonia,304,0
2020-08-14,Brussels,308,0
2020-08-14,Flanders,517,0
2020-08-14,Wallonia,278,0
2020-08-15,Brussels,123,0
2020-08-15,Flanders,384,0
2020-08-15,Wallonia,147,0
2020-08-16,Brussels,140,0
2020-08-16,Flanders,225,0
2020-08-16,Wallonia,65,0
2020-08-17,Brussels,210,0
2020-08-17,Flanders,615,0
2020-08-17,Wallonia,198,0
2020-08-18,Brussels,507,0
2020-08-18,Flanders,465,0
2020-08-18,Wallonia,305,0
2020-08-19,Brussels,457,0
2020-08-19,Flanders,524,0
2020-08-19,Wallonia,228,0
2020-08-20,Brussels,339,0
2020-08-20,Flanders,530,0
2020-08-20,Wallonia,180,0
2020-08-21,Brussels,314,0
2020-08-21,Flanders,517,0
2020-08-21,Wallonia,158,0
2020-08-22,Brussels,98,0
2020-08-22,Flanders,250,0
2020-08-22,Wallonia,106,0
2020-08-23,Brussels,66,0
2020-08-23,Flanders,122,0
2020-08-23,Wallonia,50,0
2020-08-24,Brussels,188,0
2020-08-24,Flanders,427,0
2020-08-24,Wallonia,227,0
2020-08-25,Brussels,214,0
2020-08-25,Flanders,350,0
2020-08-25,Wallonia,128,0
2020-08-26,Brussels,323,0
2020-08-26,Flanders,358,0
2020-08-26,Wallonia,145,0
2020-08-27,Brussels,276,0
2020-08-27,Flanders,298,0
2020-08-27,Wallonia,265,0
2020-08-28,Brussels,254,0
2020-08-28,Flanders,368,0
2020-08-28,Wallonia,260,0
2020-08-29,Brussels,91,0
2020-08-29,Flanders,140,0
2020-08-29,Wallonia,59,0
2020-08-30,Brussels,53,0
2020-08-30,Flanders,162,0
2020-08-30,Wallonia,35,0
2020-08-31,Brussels,169,0
2020-08-31,Flanders,531,0
2020-08-31,Wallonia,192,0
2020-09-01,Brussels,263,0
2020-09-01,Flanders,514,0
2020-09-01,Wallonia,195,0
2020-09-02,Brussels,330,0
2020-09-02,Flanders,433,0
2020-09-02,Wallonia,193,0
2020-09-03,Brussels,228,0
2020-09-03,Flanders,456,0
2020-09-03,Wallonia,177,0
2020-09-04,Brussels,281,0
2020-09-04,Flanders,518,0
2020-09-04,Wallonia,261,0
2020-09-05,Brussels,133,0
2020-09-05,Flanders,244,0
2020-09-05,Wallonia,138,0
2020-09-06,Brussels,97,0
2020-09-06,Flanders,183,0
2020-09-06,Wallonia,53,0
2020-09-07,Brussels,511,0
2020-09-07,Flanders,591,0
2020-09-07,Wallonia,281,0
2020-09-08,Brussels,484,0
2020-09-08,Flanders,675,0
2020-09-08,Wallonia,384,0
2020-09-09,Brussels,283,0
2020-09-09,Flanders,682,0
2020-09-09,Wallonia,425,0
2020-09-10,Brussels,336,0
2020-09-10,Flanders,856,0
2020-09-10,Wallonia,435,0
2020-09-11,Brussels,522,0
2020-09-11,Flanders,778,0
2020-09-11,Wallonia,473,0
2020-09-12,Brussels,253,0
2020-09-12,Flanders,489,0
2020-09-12,Wallonia,391,0
2020-09-13,Brussels,239,0
2020-09-13,Flanders,378,0
2020-09-13,Wallonia,160,0
2020-09-14,Brussels,581,0
2020-09-14,Flanders,1108,1
2020-09-14,Wallonia,631,0
2020-09-15,Brussels,628,0
2020-09-15,Flanders,996,0
2020-09-15,Wallonia,863,0
2020-09-16,Brussels,780,0
2020-09-16,Flanders,1113,1
2020-09-16,Wallonia,851,0
2020-09-17,Brussels,721,0
2020-09-17,Flanders,1037,1
2020-09-17,Wallonia,826,0
2020-09-18,Brussels,577,0
2020-09-18,Flanders,1357,1
2020-09-18,Wallonia,777,0
2020-09-19,Brussels,384,0
2020-09-19,Flanders,920,0
2020-09-19,Wallonia,582,0
2020-09-20,Brussels,201,0
2020-09-20,Flanders,494,0
2020-09-20,Wallonia,513,0
2020-09-21,Brussels,1051,1
2020-09-21,Flanders,1298,1
2020-09-21,Wallonia,930,0
2020-09-22,Brussels,866,0
2020-09-22,Flanders,1473,1
2020-09-22,Wallonia,1080,1
2020-09-23,Brussels,928,0
2020-09-23,Flanders,1286,1
2020-09-23,Wallonia,1162,1
2020-09-24,Brussels,814,0
2020-09-24,Flanders,1857,1
2020-09-24,Wallonia,827,0
2020-09-25,Brussels,741,0
2020-09-25,Flanders,1362,1
2020-09-25,Wallonia,836,0
2020-09-26,Brussels,503,0
2020-09-26,Flanders,729,0
2020-09-26,Wallonia,759,0
2020-09-27,Brussels,453,0
2020-09-27,Flanders,579,0
2020-09-27,Wallonia,379,0
2020-09-28,Brussels,1078,1
2020-09-28,Flanders,1694,1
2020-09-28,Wallonia,1406,1
2020-09-29,Brussels,1316,1
2020-09-29,Flanders,1649,1
2020-09-29,Wallonia,1701,1
2020-09-30,Brussels,1395,1
2020-09-30,Flanders,1857,1
2020-09-30,Wallonia,1613,1
2020-10-01,Brussels,1403,1
2020-10-01,Flanders,1751,1
2020-10-01,Wallonia,1879,1
2020-10-02,Brussels,1045,1
2020-10-02,Flanders,1817,1
2020-10-02,Wallonia,2225,1
2020-10-03,Brussels,702,0
2020-10-03,Flanders,1093,1
2020-10-03,Wallonia,1357,1
2020-10-04,Brussels,448,0
2020-10-04,Flanders,963,0
2020-10-04,Wallonia,1248,1
2020-10-05,Brussels,1606,1
2020-10-05,Flanders,2607,1
2020-10-05,Wallonia,2748,1
2020-10-06,Brussels,1673,1
2020-10-06,Flanders,2778,1
2020-10-06,Wallonia,3378,1
2020-10-07,Brussels,2064,1
2020-10-07,Flanders,3328,1
2020-10-07,Wallonia,4227,1
2020-10-08,Brussels,1988,1
2020-10-08,Flanders,3049,1
2020-10-08,Wallonia,4098,1
2020-10-09,Brussels,2027,1
2020-10-09,Flanders,3719,1
2020-10-09,Wallonia,5016,2
2020-10-10,Brussels,1117,1
2020-10-10,Flanders,2299,1
2020-10-10,Wallonia,4060,1
2020-10-11,Brussels,695,0
2020-10-11,Flanders,1840,1
2020-10-11,Wallonia,2518,1
2020-10-12,Brussels,2153,1
2020-10-12,Flanders,5173,2
2020-10-12,Wallonia,5924,2
2020-10-13,Brussels,2954,1
2020-10-13,Flanders,5504,2
2020-10-13,Wallonia,8551,2
2020-10-14,Brussels,2979,1
2020-10-14,Flanders,5843,2
2020-10-14,Wallonia,8806,2
2020-10-15,Brussels,2986,1
2020-10-15,Flanders,5907,2
2020-10-15,Wallonia,8751,2
2020-10-16,Brussels,2959,1
2020-10-16,Flanders,6454,2
2020-10-16,Wallonia,9147,2
2020-10-17,Brussels,2195,1
2020-10-17,Flanders,4852,1
2020-10-17,Wallonia,8218,2
2020-10-18,Brussels,1279,1
2020-10-18,Flanders,3348,1
2020-10-18,Wallonia,5007,2
2020-10-19,Brussels,4005,1
2020-10-19,Flanders,8344,2
2020-10-19,Wallonia,8704,2
2020-10-20,Brussels,4901,1
2020-10-20,Flanders,9595,2
2020-10-20,Wallonia,13280,3
2020-10-21,Brussels,3998,1
2020-10-21,Flanders,9399,2
2020-10-21,Wallonia,12708,3
2020-10-22,Brussels,4779,1
2020-10-22,Flanders,9963,2
2020-10-22,Wallonia,13042,3
2020-10-23,Brussels,4822,1
2020-10-23,Flanders,11184,3
2020-10-23,Wallonia,14929,3
2020-10-24,Brussels,3460,1
2020-10-24,Flanders,8529,2
2020-10-24,Wallonia,11588,3
2020-10-25,Brussels,2283,1
2020-10-25,Flanders,5830,2
2020-10-25,Wallonia,7139,2
2020-10-26,Brussels,3423,1
2020-10-26,Flanders,13329,3
2020-10-26,Wallonia,13685,3
2020-10-27,Brussels,4977,1
2020-10-27,Flanders,13408,3
2020-10-27,Wallonia,17622,3
2020-10-28,Brussels,4458,1
2020-10-28,Flanders,11315,3
2020-10-28,Wallonia,17098,3
2020-10-29,Brussels,3864,1
2020-10-29,Flanders,10770,3
2020-10-29,Wallonia,13944,3
2020-10-30,Brussels,3786,1
2020-10-30,Flanders,11547,3
2020-10-30,Wallonia,14803,3
2020-10-31,Brussels,2949,1
2020-10-31,Flanders,8305,2
2020-10-31,Wallonia,9032,2
2020-11-01,Brussels,1456,1
2020-11-01,Flanders,6444,2
2020-11-01,Wallonia,6034,2
2020-11-02,Brussels,2884,1
2020-11-02,Flanders,11263,3
2020-11-02,Wallonia,11646,3
2020-11-03,Brussels,3414,1
2020-11-03,Flanders,12075,3
2020-11-03,Wallonia,14356,3
2020-11-04,Brussels,2897,1
2020-11-04,Flanders,9169,2
2020-11-04,Wallonia,10435,3
2020-11-05,Brussels,2405,1
2020-11-05,Flanders,7815,2
2020-11-05,Wallonia,8768,2
2020-11-06,Brussels,1970,1
2020-11-06,Flanders,8046,2
2020-11-06,Wallonia,8512,2
2020-11-07,Brussels,1824,1
2020-11-07,Flanders,5476,2
2020-11-07,Wallonia,5740,2
2020-11-08,Brussels,930,0
2020-11-08,Flanders,4361,1
2020-11-08,Wallonia,3874,1
2020-11-09,Brussels,2120,1
2020-11-09,Flanders,8021,2
2020-11-09,Wallonia,7160,2
2020-11-10,Brussels,2549,1
2020-11-10,Flanders,8763,2
2020-11-10,Wallonia,8470,2
2020-11-11,Brussels,1530,1
2020-11-11,Flanders,5743,2
2020-11-11,Wallonia,5454,2
2020-11-12,Brussels,1893,1
2020-11-12,Flanders,6330,2
2020-11-12,Wallonia,6298,2
2020-11-13,Brussels,1909,1
2020-11-13,Flanders,6796,2
2020-11-13,Wallonia,7340,2
2020-11-14,Brussels,1602,1
2020-11-14,Flanders,5073,2
2020-11-14,Wallonia,4675,1
2020-11-15,Brussels,730,0
2020-11-15,Flanders,3609,1
2020-11-15,Wallonia,2265,1
2020-11-16,Brussels,1191,1
2020-11-16,Flanders,5906,2
2020-11-16,Wallonia,4260,1
2020-11-17,Brussels,1397,1
2020-11-17,Flanders,5234,2
2020-11-17,Wallonia,5567,2
2020-11-18,Brussels,1256,1
2020-11-18,Flanders,5168,2
2020-11-18,Wallonia,4267,1
2020-11-19,Brussels,1305,1
2020-11-19,Flanders,4920,1
2020-11-19,Wallonia,3907,1
2020-11-20,Brussels,1193,1
2020-11-20,Flanders,4608,1
2020-11-20,Wallonia,3525,1
2020-11-21,Brussels,906,0
2020-11-21,Flanders,3150,1
2020-11-21,Wallonia,2122,1
2020-11-22,Brussels,389,0
2020-11-22,Flanders,2279,1
2020-11-22,Wallonia,1406,1
2020-11-23,Brussels,893,0
2020-11-23,Flanders,4295,1
2020-11-23,Wallonia,2906,1
2020-11-24,Brussels,1099,1
2020-11-24,Flanders,4961,1
2020-11-24,Wallonia,2781,1
2020-11-25,Brussels,1076,1
2020-11-25,Flanders,4214,1
2020-11-25,Wallonia,2874,1
2020-11-26,Brussels,830,0
2020-11-26,Flanders,3747,1
2020-11-26,Wallonia,2819,1
2020-11-27,Brussels,656,0
2020-11-27,Flanders,3934,1
2020-11-27,Wallonia,2686,1
2020-11-28,Brussels,605,0
2020-11-28,Flanders,3312,1
2020-11-28,Wallonia,1428,1
2020-11-29,Brussels,294,0
2020-11-29,Flanders,2140,1
2020-11-29,Wallonia,652,0
2020-11-30,Brussels,725,0
2020-11-30,Flanders,3224,1
2020-11-30,Wallonia,1708,1
2020-12-01,Brussels,740,0
2020-12-01,Flanders,3770,1
2020-12-01,Wallonia,2232,1
2020-12-02,Brussels,877,0
2020-12-02,Flanders,3978,1
2020-12-02,Wallonia,2404,1
2020-12-03,Brussels,626,0
2020-12-03,Flanders,3338,1
2020-12-03,Wallonia,2257,1
2020-12-04,Brussels,808,0
2020-12-04,Flanders,3679,1
2020-12-04,Wallonia,2358,1
2020-12-05,Brussels,439,0
2020-12-05,Flanders,3107,1
2020-12-05,Wallonia,1668,1
2020-12-06,Brussels,245,0
2020-12-06,Flanders,2149,1
2020-12-06,Wallonia,796,0
2020-12-07,Brussels,537,0
2020-12-07,Flanders,3793,1
2020-12-07,Wallonia,1906,1
2020-12-08,Brussels,714,0
2020-12-08,Flanders,3604,1
2020-12-08,Wallonia,2617,1
2020-12-09,Brussels,568,0
2020-12-09,Flanders,3659,1
2020-12-09,Wallonia,2152,1
2020-12-10,Brussels,836,0
2020-12-10,Flanders,3716,1
2020-12-10,Wallonia,2108,1
2020-12-11,Brussels,484,0
2020-12-11,Flanders,3852,1
2020-12-11,Wallonia,2111,1
2020-12-12,Brussels,428,0
2020-12-12,Flanders,3195,1
2020-12-12,Wallonia,1455,1
2020-12-13,Brussels,318,0
2020-12-13,Flanders,2756,1
2020-12-13,Wallonia,1020,1
2020-12-14,Brussels,538,0
2020-12-14,Flanders,3788,1
2020-12-14,Wallonia,1899,1
2020-12-15,Brussels,666,0
2020-12-15,Flanders,4984,1
2020-12-15,Wallonia,1992,1
2020-12-16,Brussels,603,0
2020-12-16,Flanders,3777,1
2020-12-16,Wallonia,2281,1
2020-12-17,Brussels,860,0
2020-12-17,Flanders,3838,1
2020-12-17,Wallonia,2120,1
2020-12-18,Brussels,579,0
2020-12-18,Flanders,3911,1
2020-12-18,Wallonia,2193,1
2020-12-19,Brussels,504,0
2020-12-19,Flanders,2839,1
2020-12-19,Wallonia,1854,1
2020-12-20,Brussels,215,0
2020-12-20,Flanders,2139,1
2020-12-20,Wallonia,517,0
2020-12-21,Brussels,573,0
2020-12-21,Flanders,3702,1
2020-12-21,Wallonia,1715,1
2020-12-22,Brussels,621,0
2020-12-22,Flanders,4053,1
2020-12-22,Wallonia,2151,1
2020-12-23,Brussels,446,0
2020-12-23,Flanders,3947,1
2020-12-23,Wallonia,1645,1
2020-12-24,Brussels,406,0
2020-12-24,Flanders,3659,1
2020-12-24,Wallonia,1773,1
2020-12-25,Brussels,222,0
2020-12-25,Flanders,2094,1
2020-12-25,Wallonia,474,0
2020-12-26,Brussels,145,0
2020-12-26,Flanders,2087,1
2020-12-26,Wallonia,611,0
2020-12-27,Brussels,163,0
2020-12-27,Flanders,2199,1
2020-12-27,Wallonia,879,0
2020-12-28,Brussels,586,0
2020-12-28,Flanders,3354,1
2020-12-28,Wallonia,1583,1
2020-12-29,Brussels,533,0
2020-12-29,Flanders,3764,1
2020-12-29,Wallonia,1915,1
2020-12-30,Brussels,442,0
2020-12-30,Flanders,2996,1
2020-12-30,Wallonia,1581,1
2020-12-31,Brussels,341,0
2020-12-31,Flanders,2666,1
2020-12-31,Wallonia,1404,1
2021-01-01,Brussels,203,0
2021-01-01,Flanders,1711,1
2021-01-01,Wallonia,847,0
2021-01-02,Brussels,222,0
2021-01-02,Flanders,2031,1
2021-01-02,Wallonia,834,0
2021-01-03,Brussels,384,0
2021-01-03,Flanders,1878,1
2021-01-03,Wallonia,726,0
2021-01-04,Brussels,413,0
2021-01-04,Flanders,3186,1
2021-01-04,Wallonia,1394,1
2021-01-05,Brussels,751,0
2021-01-05,Flanders,3226,1
2021-01-05,Wallonia,1528,1
2021-01-06,Brussels,640,0
2021-01-06,Flanders,2727,1
2021-01-06,Wallonia,1648,1
2021-01-07,Brussels,562,0
2021-01-07,Flanders,2928,1
2021-01-07,Wallonia,1266,1
2021-01-08,Brussels,580,0
2021-01-08,Flanders,2548,1
2021-01-08,Wallonia,1453,1
2021-01-09,Brussels,446,0
2021-01-09,Flanders,2309,1
2021-01-09,Wallonia,1020,1
2021-01-10,Brussels,239,0
2021-01-10,Flanders,1584,1
2021-01-10,Wallonia,421,0
2021-01-11,Brussels,501,0
2021-01-11,Flanders,2618,1
2021-01-11,Wallonia,1425,1
2021-01-12,Brussels,733,0
2021-01-12,Flanders,2723,1
2021-01-12,Wallonia,1398,1
2021-01-13,Brussels,589,0
2021-01-13,Flanders,2918,1
2021-01-13,Wallonia,1199,1
2021-01-14,Brussels,529,0
2021-01-14,Flanders,2617,1
2021-01-14,Wallonia,1302,1
2021-01-15,Brussels,480,0
2021-01-15,Flanders,3037,1
2021-01-15,Wallonia,1239,1
2021-01-16,Brussels,329,0
2021-01-16,Flanders,1961,1
2021-01-16,Wallonia,823,0
2021-01-17,Brussels,272,0
2021-01-17,Flanders,1283,1
2021-01-17,Wallonia,425,0
2021-01-18,Brussels,589,0
2021-01-18,Flanders,3037,1
2021-01-18,Wallonia,1293,1
2021-01-19,Brussels,819,0
2021-01-19,Flanders,3477,1
2021-01-19,Wallonia,1617,1
2021-01-20,Brussels,397,0
2021-01-20,Flanders,3262,1
2021-01-20,Wallonia,1513,1
2021-01-21,Brussels,648,0
2021-01-21,Flanders,2960,1
2021-01-21,Wallonia,1492,1
2021-01-22,Brussels,675,0
2021-01-22,Flanders,3457,1
2021-01-22,Wallonia,1397,1
2021-01-23,Brussels,494,0
2021-01-23,Flanders,2479,1
2021-01-23,Wallonia,1094,1
2021-01-24,Brussels,232,0
2021-01-24,Flanders,1989,1
2021-01-24,Wallonia,441,0
2021-01-25,Brussels,420,0
2021-01-25,Flanders,3290,1
2021-01-25,Wallonia,1296,1
2021-01-26,Brussels,437,0
2021-01-26,Flanders,3438,1
2021-01-26,Wallonia,1757,1
2021-01-27,Brussels,428,0
2021-01-27,Flanders,2809,1
2021-01-27,Wallonia,1573,1
2021-01-28,Brussels,454,0
2021-01-28,Flanders,3146,1
2021-01-28,Wallonia,1570,1
2021-01-29,Brussels,659,0
2021-01-29,Flanders,3038,1
2021-01-29,Wallonia,1516,1
2021-01-30,Brussels,436,0
2021-01-30,Flanders,2578,1
2021-01-30,Wallonia,1081,1
2021-01-31,Brussels,262,0
2021-01-31,Flanders,1445,1
2021-01-31,Wallonia,442,0
2021-02-01,Brussels,662,0
2021-02-01,Flanders,3250,1
2021-02-01,Wallonia,1832,1
2021-02-02,Brussels,500,0
2021-02-02,Flanders,3022,1
2021-02-02,Wallonia,1811,1
2021-02-03,Brussels,575,0
2021-02-03,Flanders,2975,1
2021-02-03,Wallonia,1501,1
2021-02-04,Brussels,664,0
2021-02-04,Flanders,2931,1
2021-02-04,Wallonia,1468,1
2021-02-05,Brussels,650,0
2021-02-05,Flanders,3120,1
2021-02-05,Wallonia,1395,1
2021-02-06,Brussels,392,0
2021-02-06,Flanders,2096,1
2021-02-06,Wallonia,999,0
2021-02-07,Brussels,185,0
2021-02-07,Flanders,1506,1
2021-02-07,Wallonia,634,0
2021-02-08,Brussels,417,0
2021-02-08,Flanders,2282,1
2021-02-08,Wallonia,1163,1
2021-02-09,Brussels,676,0
2021-02-09,Flanders,3080,1
2021-02-09,Wallonia,1482,1
2021-02-10,Brussels,561,0
2021-02-10,Flanders,2609,1
2021-02-10,Wallonia,1444,1
2021-02-11,Brussels,455,0
2021-02-11,Flanders,2493,1
2021-02-11,Wallonia,1632,1
2021-02-12,Brussels,569,0
2021-02-12,Flanders,2744,1
2021-02-12,Wallonia,1205,1
2021-02-13,Brussels,311,0
2021-02-13,Flanders,1921,1
2021-02-13,Wallonia,841,0
2021-02-14,Brussels,319,0
2021-02-14,Flanders,1232,1
2021-02-14,Wallonia,532,0
2021-02-15,Brussels,497,0
2021-02-15,Flanders,2716,1
2021-02-15,Wallonia,1116,1
2021-02-16,Brussels,627,0
2021-02-16,Flanders,2968,1
2021-02-16,Wallonia,1539,1
2021-02-17,Brussels,673,0
2021-02-17,Flanders,2848,1
2021-02-17,Wallonia,1648,1
2021-02-18,Brussels,646,0
2021-02-18,Flanders,3044,1
2021-02-18,Wallonia,1490,1
2021-02-19,Brussels,670,0
2021-02-19,Flanders,2865,1
2021-02-19,Wallonia,1615,1
2021-02-20,Brussels,559,0
2021-02-20,Flanders,1961,1
2021-02-20,Wallonia,1047,1
2021-02-21,Brussels,440,0
2021-02-21,Flanders,1283,1
2021-02-21,Wallonia,548,0
2021-02-22,Brussels,795,0
2021-02-22,Flanders,3148,1
2021-02-22,Wallonia,1550,1
2021-02-23,Brussels,775,0
2021-02-23,Flanders,3410,1
2021-02-23,Wallonia,1656,1
2021-02-24,Brussels,895,0
2021-02-24,Flanders,2898,1
2021-02-24,Wallonia,1784,1
2021-02-25,Brussels,759,0
2021-02-25,Flanders,2997,1
2021-02-25,Wallonia,1534,1
2021-02-26,Brussels,1118,1
2021-02-26,Flanders,3292,1
2021-02-26,Wallonia,2112,1
2021-02-27,Brussels,554,0
2021-02-27,Flanders,2410,1
2021-02-27,Wallonia,1300,1
2021-02-28,Brussels,509,0
2021-02-28,Flanders,1799,1
2021-02-28,Wallonia,509,0
2021-03-01,Brussels,823,0
2021-03-01,Flanders,2818,1
2021-03-01,Wallonia,1539,1
2021-03-02,Brussels,750,0
2021-03-02,Flanders,3352,1
2021-03-02,Wallonia,1960,1
2021-03-03,Brussels,884,0
2021-03-03,Flanders,2937,1
2021-03-03,Wallonia,1808,1
2021-03-04,Brussels,1020,1
2021-03-04,Flanders,3075,1
2021-03-04,Wallonia,1825,1
2021-03-05,Brussels,660,0
2021-03-05,Flanders,3056,1
2021-03-05,Wallonia,1925,1
2021-03-06,Brussels,543,0
2021-03-06,Flanders,2366,1
2021-03-06,Wallonia,1187,1
2021-03-07,Brussels,536,0
2021-03-07,Flanders,1647,1
2021-03-07,Wallonia,694,0
2021-03-08,Brussels,820,0
2021-03-08,Flanders,3286,1
2021-03-08,Wallonia,1660,1
2021-03-09,Brussels,884,0
2021-03-09,Flanders,3882,1
2021-03-09,Wallonia,2486,1
2021-03-10,Brussels,1009,1
2021-03-10,Flanders,3368,1
2021-03-10,Wallonia,1944,1
2021-03-11,Brussels,894,0
2021-03-11,Flanders,3395,1
2021-03-11,Wallonia,1808,1
2021-03-12,Brussels,1158,1
2021-03-12,Flanders,3512,1
2021-03-12,Wallonia,2215,1
2021-03-13,Brussels,935,0
2021-03-13,Flanders,2976,1
2021-03-13,Wallonia,1884,1
2021-03-14,Brussels,687,0
2021-03-14,Flanders,2501,1
2021-03-14,Wallonia,1046,1
2021-03-15,Brussels,1165,1
2021-03-15,Flanders,4334,1
2021-03-15,Wallonia,2568,1
2021-03-16,Brussels,1344,1
2021-03-16,Flanders,4460,1
2021-03-16,Wallonia,2744,1
2021-03-17,Brussels,1339,1
2021-03-17,Flanders,4807,1
2021-03-17,Wallonia,2592,1
2021-03-18,Brussels,1329,1
2021-03-18,Flanders,4415,1
2021-03-18,Wallonia,3194,1
2021-03-19,Brussels,1196,1
2021-03-19,Flanders,4291,1
2021-03-19,Wallonia,3117,1
2021-03-20,Brussels,1241,1
2021-03-20,Flanders,3779,1
2021-03-20,Wallonia,2330,1
2021-03-21,Brussels,693,0
2021-03-21,Flanders,2878,1
2021-03-21,Wallonia,1358,1
2021-03-22,Brussels,1344,1
2021-03-22,Flanders,5548,2
2021-03-22,Wallonia,3200,1
2021-03-23,Brussels,1726,1
2021-03-23,Flanders,5842,2
2021-03-23,Wallonia,3862,1
2021-03-24,Brussels,1705,1
2021-03-24,Flanders,5282,2
2021-03-24,Wallonia,3329,1
2021-03-25,Brussels,1451,1
2021-03-25,Flanders,5196,2
2021-03-25,Wallonia,3562,1
2021-03-26,Brussels,1302,1
2021-03-26,Flanders,4610,1
2021-03-26,Wallonia,3700,1
2021-03-27,Brussels,1238,1
2021-03-27,Flanders,4546,1
2021-03-27,Wallonia,2721,1
2021-03-28,Brussels,945,0
2021-03-28,Flanders,2653,1
2021-03-28,Wallonia,1933,1
2021-03-29,Brussels,1372,1
2021-03-29,Flanders,5137,2
2021-03-29,Wallonia,3391,1
2021-03-30,Brussels,1472,1
2021-03-30,Flanders,5833,2
2021-03-30,Wallonia,3977,1
2021-03-31,Brussels,1433,1
2021-03-31,Flanders,5459,2
2021-03-31,Wallonia,3858,1
2021-04-01,Brussels,1708,1
2021-04-01,Flanders,5003,2
2021-04-01,Wallonia,3532,1
2021-04-02,Brussels,1465,1
2021-04-02,Flanders,4828,1
2021-04-02,Wallonia,4189,1
2021-04-03,Brussels,1203,1
2021-04-03,Flanders,3623,1
2021-04-03,Wallonia,2680,1
2021-04-04,Brussels,671,0
2021-04-04,Flanders,2276,1
2021-04-04,Wallonia,1682,1
2021-04-05,Brussels,854,0
2021-04-05,Flanders,2959,1
2021-04-05,Wallonia,1894,1
2021-04-06,Brussels,1042,1
2021-04-06,Flanders,4890,1
2021-04-06,Wallonia,3839,1
2021-04-07,Brussels,1341,1
2021-04-07,Flanders,5537,2
2021-04-07,Wallonia,4161,1
2021-04-08,Brussels,1392,1
2021-04-08,Flanders,4454,1
2021-04-08,Wallonia,3403,1
2021-04-09,Brussels,1506,1
2021-04-09,Flanders,4693,1
2021-04-09,Wallonia,3480,1
2021-04-10,Brussels,882,0
2021-04-10,Flanders,3899,1
2021-04-10,Wallonia,2309,1
2021-04-11,Brussels,669,0
2021-04-11,Flanders,2726,1
2021-04-11,Wallonia,1586,1
2021-04-12,Brussels,1158,1
2021-04-12,Flanders,4734,1
2021-04-12,Wallonia,3025,1
2021-04-13,Brussels,1033,1
2021-04-13,Flanders,4694,1
2021-04-13,Wallonia,3540,1
2021-04-14,Brussels,1194,1
2021-04-14,Flanders,3829,1
2021-04-14,Wallonia,2873,1
2021-04-15,Brussels,1183,1
2021-04-15,Flanders,4074,1
2021-04-15,Wallonia,3157,1
2021-04-16,Brussels,1441,1
2021-04-16,Flanders,4096,1
2021-04-16,Wallonia,3189,1
2021-04-17,Brussels,1085,1
2021-04-17,Flanders,3411,1
2021-04-17,Wallonia,2311,1
2021-04-18,Brussels,832,0
2021-04-18,Flanders,2344,1
2021-04-18,Wallonia,1739,1
2021-04-19,Brussels,1356,1
2021-04-19,Flanders,4630,1
2021-04-19,Wallonia,3381,1
2021-04-20,Brussels,1620,1
2021-04-20,Flanders,5111,2
2021-04-20,Wallonia,3408,1
2021-04-21,Brussels,1159,1
2021-04-21,Flanders,4421,1
2021-04-21,Wallonia,3118,1
2021-04-22,Brussels,1194,1
2021-04-22,Flanders,3807,1
2021-04-22,Wallonia,3149,1
2021-04-23,Brussels,1063,1
2021-04-23,Flanders,3951,1
2021-04-23,Wallonia,2820,1
2021-04-24,Brussels,910,0
2021-04-24,Flanders,3036,1
2021-04-24,Wallonia,2106,1
2021-04-25,Brussels,741,0
2021-04-25,Flanders,2060,1
2021-04-25,Wallonia,1061,1
2021-04-26,Brussels,859,0
2021-04-26,Flanders,3611,1
2021-04-26,Wallonia,2766,1
2021-04-27,Brussels,1258,1
2021-04-27,Flanders,3690,1
2021-04-27,Wallonia,3114,1
2021-04-28,Brussels,939,0
2021-04-28,Flanders,3618,1
2021-04-28,Wallonia,2881,1
2021-04-29,Brussels,1025,1
2021-04-29,Flanders,3504,1
2021-04-29,Wallonia,2648,1
2021-04-30,Brussels,915,0
2021-04-30,Flanders,3551,1
2021-04-30,Wallonia,2553,1
2021-05-01,Brussels,724,0
2021-05-01,Flanders,2215,1
2021-05-01,Wallonia,1790,1
2021-05-02,Brussels,561,0
2021-05-02,Flanders,2309,1
2021-05-02,Wallonia,1042,1
2021-05-03,Brussels,769,0
2021-05-03,Flanders,3847,1
2021-05-03,Wallonia,2538,1
2021-05-04,Brussels,939,0
2021-05-04,Flanders,3692,1
2021-05-04,Wallonia,2478,1
2021-05-05,Brussels,793,0
2021-05-05,Flanders,3364,1
2021-05-05,Wallonia,2457,1
2021-05-06,Brussels,861,0
2021-05-06,Flanders,2949,1
2021-05-06,Wallonia,2360,1
2021-05-07,Brussels,539,0
2021-05-07,Flanders,3249,1
2021-05-07,Wallonia,2499,1
2021-05-08,Brussels,680,0
2021-05-08,Flanders,2292,1
2021-05-08,Wallonia,1663,1
2021-05-09,Brussels,500,0
2021-05-09,Flanders,1711,1
2021-05-09,Wallonia,1342,1
2021-05-10,Brussels,445,0
2021-05-10,Flanders,3305,1
2021-05-10,Wallonia,2069,1
2021-05-11,Brussels,657,0
2021-05-11,Flanders,3303,1
2021-05-11,Wallonia,2106,1
2021-05-12,Brussels,505,0
2021-05-12,Flanders,2715,1
2021-05-12,Wallonia,2334,1
2021-05-13,Brussels,344,0
2021-05-13,Flanders,1900,1
2021-05-13,Wallonia,1083,1
2021-05-14,Brussels,506,0
2021-05-14,Flanders,2304,1
2021-05-14,Wallonia,1593,1
2021-05-15,Brussels,665,0
2021-05-15,Flanders,1976,1
2021-05-15,Wallonia,1512,1
2021-05-16,Brussels,414,0
2021-05-16,Flanders,1283,1
2021-05-16,Wallonia,677,0
2021-05-17,Brussels,728,0
2021-05-17,Flanders,2735,1
2021-05-17,Wallonia,1902,1
2021-05-18,Brussels,656,0
2021-05-18,Flanders,2608,1
2021-05-18,Wallonia,2307,1
2021-05-19,Brussels,824,0
2021-05-19,Flanders,3039,1
2021-05-19,Wallonia,1835,1
2021-05-20,Brussels,344,0
2021-05-20,Flanders,2272,1
2021-05-20,Wallonia,1976,1
2021-05-21,Brussels,691,0
2021-05-21,Flanders,2178,1
2021-05-21,Wallonia,1851,1
2021-05-22,Brussels,436,0
2021-05-22,Flanders,1576,1
2021-05-22,Wallonia,1470,1
2021-05-23,Brussels,274,0
2021-05-23,Flanders,1106,1
2021-05-23,Wallonia,712,0
2021-05-24,Brussels,383,0
2021-05-24,Flanders,1085,1
2021-05-24,Wallonia,649,0
2021-05-25,Brussels,648,0
2021-05-25,Flanders,2148,1
2021-05-25,Wallonia,1583,1
2021-05-26,Brussels,493,0
2021-05-26,Flanders,2204,1
2021-05-26,Wallonia,1771,1
2021-05-27,Brussels,553,0
2021-05-27,Flanders,1712,1
2021-05-27,Wallonia,1541,1
2021-05-28,Brussels,414,0
2021-05-28,Flanders,1620,1
2021-05-28,Wallonia,1426,1
2021-05-29,Brussels,340,0
2021-05-29,Flanders,1179,1
2021-05-29,Wallonia,1096,1
2021-05-30,Brussels,256,0
2021-05-30,Flanders,833,0
2021-05-30,Wallonia,525,0
2021-05-31,Brussels,385,0
2021-05-31,Flanders,1533,1
2021-05-31,Wallonia,1073,1
2021-06-01,Brussels,335,0
2021-06-01,Flanders,1740,1
2021-06-01,Wallonia,1180,1
2021-06-02,Brussels,442,0
2021-06-02,Flanders,1601,1
2021-06-02,Wallonia,854,0
2021-06-03,Brussels,377,0
2021-06-03,Flanders,1236,1
2021-06-03,Wallonia,1212,1
2021-06-04,Brussels,470,0
2021-06-04,Flanders,1148,1
2021-06-04,Wallonia,1024,1
2021-06-05,Brussels,241,0
2021-06-05,Flanders,917,0
2021-06-05,Wallonia,725,0
2021-06-06,Brussels,197,0
2021-06-06,Flanders,525,0
2021-06-06,Wallonia,337,0
2021-06-07,Brussels,379,0
2021-06-07,Flanders,880,0
2021-06-07,Wallonia,650,0
2021-06-08,Brussels,510,0
2021-06-08,Flanders,888,0
2021-06-08,Wallonia,887,0
2021-06-09,Brussels,281,0
2021-06-09,Flanders,885,0
2021-06-09,Wallonia,746,0
2021-06-10,Brussels,336,0
2021-06-10,Flanders,631,0
2021-06-10,Wallonia,575,0
2021-06-11,Brussels,250,0
2021-06-11,Flanders,835,0
2021-06-11,Wallonia,436,0
2021-06-12,Brussels,227,0
2021-06-12,Flanders,456,0
2021-06-12,Wallonia,308,0
2021-06-13,Brussels,98,0
2021-06-13,Flanders,265,0
2021-06-13,Wallonia,100,0
2021-06-14,Brussels,183,0
2021-06-14,Flanders,668,0
2021-06-14,Wallonia,480,0
2021-06-15,Brussels,197,0
2021-06-15,Flanders,477,0
2021-06-15,Wallonia,535,0
2021-06-16,Brussels,133,0
2021-06-16,Flanders,359,0
2021-06-16,Wallonia,293,0
2021-06-17,Brussels,243,0
2021-06-17,Flanders,377,0
2021-06-17,Wallonia,275,0
2021-06-18,Brussels,176,0
2021-06-18,Flanders,435,0
2021-06-18,Wallonia,222,0
2021-06-19,Brussels,159,0
2021-06-19,Flanders,253,0
2021-06-19,Wallonia,274,0
2021-06-20,Brussels,73,0
2021-06-20,Flanders,195,0
2021-06-20,Wallonia,122,0
2021-06-21,Brussels,197,0
2021-06-21,Flanders,489,0
2021-06-21,Wallonia,210,0
2021-06-22,Brussels,161,0
2021-06-22,Flanders,387,0
2021-06-22,Wallonia,129,0
2021-06-23,Brussels,172,0
2021-06-23,Flanders,337,0
2021-06-23,Wallonia,282,0
2021-06-24,Brussels,171,0
2021-06-24,Flanders,281,0
2021-06-24,Wallonia,290,0
2021-06-25,Brussels,95,0
2021-06-25,Flanders,362,0
2021-06-25,Wallonia,114,0
2021-06-26,Brussels,114,0
2021-06-26,Flanders,200,0
2021-06-26,Wallonia,200,0
2021-06-27,Brussels,88,0
2021-06-27,Flanders,147,0
2021-06-27,Wallonia,58,0
2021-06-28,Brussels,144,0
2021-06-28,Flanders,405,0
2021-06-28,Wallonia,258,0
2021-06-29,Brussels,146,0
2021-06-29,Flanders,433,0
2021-06-29,Wallonia,183,0
2021-06-30,Brussels,166,0
2021-06-30,Flanders,409,0
2021-06-30,Wallonia,226,0
2021-07-01,Brussels,128,0
2021-07-01,Flanders,437,0
2021-07-01,Wallonia,189,0
2021-07-02,Brussels,166,0
2021-07-02,Flanders,530,0
2021-07-02,Wallonia,292,0
2021-07-03,Brussels,173,0
2021-07-03,Flanders,338,0
2021-07-03,Wallonia,203,0
2021-07-04,Brussels,89,0
2021-07-04,Flanders,295,0
2021-07-04,Wallonia,101,0
2021-07-05,Brussels,178,0
2021-07-05,Flanders,669,0
2021-07-05,Wallonia,279,0
2021-07-06,Brussels,268,0
2021-07-06,Flanders,770,0
2021-07-06,Wallonia,341,0
2021-07-07,Brussels,375,0
2021-07-07,Flanders,870,0
2021-07-07,Wallonia,341,0
2021-07-08,Brussels,212,0
2021-07-08,Flanders,808,0
2021-07-08,Wallonia,289,0
2021-07-09,Brussels,236,0
2021-07-09,Flanders,976,0
2021-07-09,Wallonia,370,0
2021-07-10,Brussels,185,0
2021-07-10,Flanders,824,0
2021-07-10,Wallonia,205,0
2021-07-11,Brussels,231,0
2021-07-11,Flanders,542,0
2021-07-11,Wallonia,131,0
2021-07-12,Brussels,319,0
2021-07-12,Flanders,1274,1
2021-07-12,Wallonia,353,0
2021-07-13,Brussels,364,0
2021-07-13,Flanders,1056,1
2021-07-13,Wallonia,430,0
2021-07-14,Brussels,307,0
2021-07-14,Flanders,1022,1
2021-07-14,Wallonia,445,0
2021-07-15,Brussels,370,0
2021-07-15,Flanders,1048,1
2021-07-15,Wallonia,383,0
2021-07-16,Brussels,372,0
2021-07-16,Flanders,1104,1
2021-07-16,Wallonia,484,0
2021-07-17,Brussels,333,0
2021-07-17,Flanders,848,0
2021-07-17,Wallonia,332,0
2021-07-18,Brussels,251,0
2021-07-18,Flanders,669,0
2021-07-18,Wallonia,132,0
2021-07-19,Brussels,450,0
2021-07-19,Flanders,1535,1
2021-07-19,Wallonia,550,0
2021-07-20,Brussels,437,0
2021-07-20,Flanders,1381,1
2021-07-20,Wallonia,595,0
2021-07-21,Brussels,200,0
2021-07-21,Flanders,790,0
2021-07-21,Wallonia,189,0
2021-07-22,Brussels,493,0
2021-07-22,Flanders,1291,1
2021-07-22,Wallonia,555,0
2021-07-23,Brussels,364,0
2021-07-23,Flanders,1216,1
2021-07-23,Wallonia,490,0
2021-07-24,Brussels,427,0
2021-07-24,Flanders,907,0
2021-07-24,Wallonia,330,0
2021-07-25,Brussels,261,0
2021-07-25,Flanders,740,0
2021-07-25,Wallonia,158,0
2021-07-26,Brussels,485,0
2021-07-26,Flanders,1468,1
2021-07-26,Wallonia,543,0
2021-07-27,Brussels,482,0
2021-07-27,Flanders,1243,1
2021-07-27,Wallonia,537,0
2021-07-28,Brussels,531,0
2021-07-28,Flanders,1366,1
2021-07-28,Wallonia,524,0
2021-07-29,Brussels,616,0
2021-07-29,Flanders,1227,1
2021-07-29,Wallonia,535,0
2021-07-30,Brussels,476,0
2021-07-30,Flanders,1175,1
2021-07-30,Wallonia,552,0
2021-07-31,Brussels,410,0
2021-07-31,Flanders,957,0
2021-07-31,Wallonia,419,0
2021-08-01,Brussels,370,0
2021-08-01,Flanders,1000,0
2021-08-01,Wallonia,219,0
2021-08-02,Brussels,541,0
2021-08-02,Flanders,1669,1
2021-08-02,Wallonia,715,0
2021-08-03,Brussels,493,0
2021-08-03,Flanders,1441,1
2021-08-03,Wallonia,749,0
2021-08-04,Brussels,579,0
2021-08-04,Flanders,1231,1
2021-08-04,Wallonia,702,0
2021-08-05,Brussels,599,0
2021-08-05,Flanders,1337,1
2021-08-05,Wallonia,555,0
2021-08-06,Brussels,651,0
2021-08-06,Flanders,1487,1
2021-08-06,Wallonia,705,0
2021-08-07,Brussels,593,0
2021-08-07,Flanders,994,0
2021-08-07,Wallonia,488,0
2021-08-08,Brussels,459,0
2021-08-08,Flanders,879,0
2021-08-08,Wallonia,248,0
2021-08-09,Brussels,851,0
2021-08-09,Flanders,1750,1
2021-08-09,Wallonia,848,0
2021-08-10,Brussels,810,0
2021-08-10,Flanders,1564,1
2021-08-10,Wallonia,996,0
2021-08-11,Brussels,687,0
2021-08-11,Flanders,1200,1
2021-08-11,Wallonia,847,0
2021-08-12,Brussels,642,0
2021-08-12,Flanders,1417,1
2021-08-12,Wallonia,1056,1
2021-08-13,Brussels,851,0
2021-08-13,Flanders,1524,1
2021-08-13,Wallonia,1028,1
2021-08-14,Brussels,627,0
2021-08-14,Flanders,971,0
2021-08-14,Wallonia,597,0
2021-08-15,Brussels,502,0
2021-08-15,Flanders,574,0
2021-08-15,Wallonia,354,0
2021-08-16,Brussels,869,0
2021-08-16,Flanders,1811,1
2021-08-16,Wallonia,986,0
2021-08-17,Brussels,944,0
2021-08-17,Flanders,1724,1
2021-08-17,Wallonia,1012,1
2021-08-18,Brussels,848,0
2021-08-18,Flanders,1662,1
2021-08-18,Wallonia,928,0
2021-08-19,Brussels,742,0
2021-08-19,Flanders,1313,1
2021-08-19,Wallonia,975,0
2021-08-20,Brussels,806,0
2021-08-20,Flanders,1368,1
2021-08-20,Wallonia,909,0
2021-08-21,Brussels,669,0
2021-08-21,Flanders,1041,1
2021-08-21,Wallonia,520,0
2021-08-22,Brussels,574,0
2021-08-22,Flanders,768,0
2021-08-22,Wallonia,297,0
2021-08-23,Brussels,789,0
2021-08-23,Flanders,1649,1
2021-08-23,Wallonia,1220,1
2021-08-24,Brussels,845,0
2021-08-24,Flanders,1825,1
2021-08-24,Wallonia,1062,1
2021-08-25,Brussels,871,0
2021-08-25,Flanders,1703,1
2021-08-25,Wallonia,850,0
2021-08-26,Brussels,944,0
2021-08-26,Flanders,1318,1
2021-08-26,Wallonia,946,0
2021-08-27,Brussels,850,0
2021-08-27,Flanders,1470,1
2021-08-27,Wallonia,887,0
2021-08-28,Brussels,678,0
2021-08-28,Flanders,940,0
2021-08-28,Wallonia,878,0
2021-08-29,Brussels,477,0
2021-08-29,Flanders,633,0
2021-08-29,Wallonia,459,0
2021-08-30,Brussels,904,0
2021-08-30,Flanders,1796,1
2021-08-30,Wallonia,1212,1
2021-08-31,Brussels,1019,1
2021-08-31,Flanders,1493,1
2021-08-31,Wallonia,1303,1
2021-09-01,Brussels,1055,1
2021-09-01,Flanders,1359,1
2021-09-01,Wallonia,1050,1
2021-09-02,Brussels,919,0
2021-09-02,Flanders,1436,1
2021-09-02,Wallonia,1122,1
2021-09-03,Brussels,722,0
2021-09-03,Flanders,1361,1
2021-09-03,Wallonia,1174,1
2021-09-04,Brussels,765,0
2021-09-04,Flanders,1013,1
2021-09-04,Wallonia,706,0
2021-09-05,Brussels,593,0
2021-09-05,Flanders,625,0
2021-09-05,Wallonia,478,0
2021-09-06,Brussels,1041,1
2021-09-06,Flanders,1394,1
2021-09-06,Wallonia,1547,1
2021-09-07,Brussels,1133,1
2021-09-07,Flanders,1280,1
2021-09-07,Wallonia,1419,1
2021-09-08,Brussels,1033,1
2021-09-08,Flanders,1199,1
2021-09-08,Wallonia,1123,1
2021-09-09,Brussels,874,0
2021-09-09,Flanders,1246,1
2021-09-09,Wallonia,1105,1
2021-09-10,Brussels,828,0
2021-09-10,Flanders,1318,1
2021-09-10,Wallonia,1260,1
2021-09-11,Brussels,570,0
2021-09-11,Flanders,704,0
2021-09-11,Wallonia,754,0
2021-09-12,Brussels,416,0
2021-09-12,Flanders,540,0
2021-09-12,Wallonia,349,0
2021-09-13,Brussels,933,0
2021-09-13,Flanders,1581,1
2021-09-13,Wallonia,1369,1
2021-09-14,Brussels,1066,1
2021-09-14,Flanders,1259,1
2021-09-14,Wallonia,1490,1
2021-09-15,Brussels,684,0
2021-09-15,Flanders,1300,1
2021-09-15,Wallonia,1372,1
2021-09-16,Brussels,1077,1
2021-09-16,Flanders,1352,1
2021-09-16,Wallonia,1355,1
2021-09-17,Brussels,809,0
2021-09-17,Flanders,1212,1
2021-09-17,Wallonia,1374,1
2021-09-18,Brussels,462,0
2021-09-18,Flanders,925,0
2021-09-18,Wallonia,852,0
2021-09-19,Brussels,311,0
2021-09-19,Flanders,572,0
2021-09-19,Wallonia,411,0
2021-09-20,Brussels,932,0
2021-09-20,Flanders,1478,1
2021-09-20,Wallonia,1332,1
2021-09-21,Brussels,783,0
2021-09-21,Flanders,1110,1
2021-09-21,Wallonia,1462,1
2021-09-22,Brussels,719,0
2021-09-22,Flanders,1236,1
2021-09-22,Wallonia,1271,1
2021-09-23,Brussels,695,0
2021-09-23,Flanders,1204,1
2021-09-23,Wallonia,1330,1
2021-09-24,Brussels,639,0
2021-09-24,Flanders,912,0
2021-09-24,Wallonia,1247,1
2021-09-25,Brussels,526,0
2021-09-25,Flanders,748,0
2021-09-25,Wallonia,797,0
2021-09-26,Brussels,463,0
2021-09-26,Flanders,473,0
2021-09-26,Wallonia,407,0
2021-09-27,Brussels,740,0
2021-09-27,Flanders,1285,1
2021-09-27,Wallonia,1584,1
2021-09-28,Brussels,796,0
2021-09-28,Flanders,1345,1
2021-09-28,Wallonia,1527,1
2021-09-29,Brussels,645,0
2021-09-29,Flanders,1471,1
2021-09-29,Wallonia,1225,1
2021-09-30,Brussels,777,0
2021-09-30,Flanders,1194,1
2021-09-30,Wallonia,1360,1
2021-10-01,Brussels,664,0
2021-10-01,Flanders,1288,1
2021-10-01,Wallonia,1337,1
2021-10-02,Brussels,617,0
2021-10-02,Flanders,826,0
2021-10-02,Wallonia,701,0
2021-10-03,Brussels,585,0
2021-10-03,Flanders,485,0
2021-10-03,Wallonia,284,0
2021-10-04,Brussels,627,0
2021-10-04,Flanders,1328,1
2021-10-04,Wallonia,1585,1
2021-10-05,Brussels,770,0
2021-10-05,Flanders,1389,1
2021-10-05,Wallonia,1533,1
2021-10-06,Brussels,722,0
2021-10-06,Flanders,1505,1
2021-10-06,Wallonia,1423,1
2021-10-07,Brussels,636,0
2021-10-07,Flanders,1431,1
2021-10-07,Wallonia,1407,1
2021-10-08,Brussels,565,0
2021-10-08,Flanders,1610,1
2021-10-08,Wallonia,1510,1
2021-10-09,Brussels,502,0
2021-10-09,Flanders,915,0
2021-10-09,Wallonia,928,0
2021-10-10,Brussels,390,0
2021-10-10,Flanders,753,0
2021-10-10,Wallonia,330,0
2021-10-11,Brussels,768,0
2021-10-11,Flanders,2220,1
2021-10-11,Wallonia,1823,1
2021-10-12,Brussels,766,0
2021-10-12,Flanders,2261,1
2021-10-12,Wallonia,1681,1
2021-10-13,Brussels,820,0
2021-10-13,Flanders,2267,1
2021-10-13,Wallonia,1838,1
2021-10-14,Brussels,825,0
2021-10-14,Flanders,2414,1
2021-10-14,Wallonia,2056,1
2021-10-15,Brussels,789,0
2021-10-15,Flanders,2434,1
2021-10-15,Wallonia,2046,1
2021-10-16,Brussels,674,0
2021-10-16,Flanders,1837,1
2021-10-16,Wallonia,1577,1
2021-10-17,Brussels,423,0
2021-10-17,Flanders,1316,1
2021-10-17,Wallonia,795,0
2021-10-18,Brussels,1101,1
2021-10-18,Flanders,4171,1
2021-10-18,Wallonia,2828,1
2021-10-19,Brussels,946,0
2021-10-19,Flanders,4284,1
2021-10-19,Wallonia,3086,1
2021-10-20,Brussels,1259,1
2021-10-20,Flanders,4804,1
2021-10-20,Wallonia,2961,1
2021-10-21,Brussels,1242,1
2021-10-21,Flanders,4665,1
2021-10-21,Wallonia,3259,1
2021-10-22,Brussels,1142,1
2021-10-22,Flanders,4968,1
2021-10-22,Wallonia,3442,1
2021-10-23,Brussels,973,0
2021-10-23,Flanders,3110,1
2021-10-23,Wallonia,2131,1
2021-10-24,Brussels,751,0
2021-10-24,Flanders,2362,1
2021-10-24,Wallonia,1029,1
2021-10-25,Brussels,1265,1
2021-10-25,Flanders,6591,2
2021-10-25,Wallonia,4166,1
2021-10-26,Brussels,1337,1
2021-10-26,Flanders,6684,2
2021-10-26,Wallonia,4345,1
2021-10-27,Brussels,1357,1
2021-10-27,Flanders,6710,2
2021-10-27,Wallonia,4175,1
2021-10-28,Brussels,1097,1
2021-10-28,Flanders,6693,2
2021-10-28,Wallonia,4279,1
2021-10-29,Brussels,1402,1
2021-10-29,Flanders,7004,2
2021-10-29,Wallonia,4366,1
2021-10-30,Brussels,923,0
2021-10-30,Flanders,4644,1
2021-10-30,Wallonia,2940,1
2021-10-31,Brussels,506,0
2021-10-31,Flanders,3219,1
2021-10-31,Wallonia,1402,1
2021-11-01,Brussels,695,0
2021-11-01,Flanders,3963,1
2021-11-01,Wallonia,1243,1
2021-11-02,Brussels,1258,1
2021-11-02,Flanders,8550,2
2021-11-02,Wallonia,5118,2
2021-11-03,Brussels,1314,1
2021-11-03,Flanders,9096,2
2021-11-03,Wallonia,4822,1
2021-11-04,Brussels,1132,1
2021-11-04,Flanders,8334,2
2021-11-04,Wallonia,4568,1
2021-11-05,Brussels,1171,1
2021-11-05,Flanders,8986,2
2021-11-05,Wallonia,4382,1
2021-11-06,Brussels,1202,1
2021-11-06,Flanders,5629,2
2021-11-06,Wallonia,2913,1
2021-11-07,Brussels,796,0
2021-11-07,Flanders,4724,1
2021-11-07,Wallonia,1345,1
2021-11-08,Brussels,1471,1
2021-11-08,Flanders,11667,3
2021-11-08,Wallonia,5407,2
2021-11-09,Brussels,1483,1
2021-11-09,Flanders,11051,3
2021-11-09,Wallonia,5406,2
2021-11-10,Brussels,1560,1
2021-11-10,Flanders,11280,3
2021-11-10,Wallonia,5481,2
2021-11-11,Brussels,905,0
2021-11-11,Flanders,5939,2
2021-11-11,Wallonia,2453,1
2021-11-12,Brussels,1171,1
2021-11-12,Flanders,10698,3
2021-11-12,Wallonia,5231,2
2021-11-13,Brussels,1056,1
2021-11-13,Flanders,8510,2
2021-11-13,Wallonia,4136,1
2021-11-14,Brussels,854,0
2021-11-14,Flanders,6486,2
2021-11-14,Wallonia,2042,1
2021-11-15,Brussels,1755,1
2021-11-15,Flanders,16328,3
2021-11-15,Wallonia,6647,2
2021-11-16,Brussels,1820,1
2021-11-16,Flanders,15206,3
2021-11-16,Wallonia,6861,2
2021-11-17,Brussels,1606,1
2021-11-17,Flanders,15762,3
2021-11-17,Wallonia,6917,2
2021-11-18,Brussels,1690,1
2021-11-18,Flanders,16199,3
2021-11-18,Wallonia,6295,2
2021-11-19,Brussels,1771,1
2021-11-19,Flanders,16928,3
2021-11-19,Wallonia,6375,2
2021-11-20,Brussels,1361,1
2021-11-20,Flanders,11201,3
2021-11-20,Wallonia,4159,1
2021-11-21,Brussels,1120,1
2021-11-21,Flanders,8379,2
2021-11-21,Wallonia,2050,1
2021-11-22,Brussels,1994,1
2021-11-22,Flanders,20931,3
2021-11-22,Wallonia,7243,2
2021-11-23,Brussels,2226,1
2021-11-23,Flanders,18586,3
2021-11-23,Wallonia,7328,2
2021-11-24,Brussels,1848,1
2021-11-24,Flanders,17974,3
2021-11-24,Wallonia,6891,2
2021-11-25,Brussels,1797,1
2021-11-25,Flanders,18076,3
2021-11-25,Wallonia,7057,2
2021-11-26,Brussels,1898,1
2021-11-26,Flanders,17683,3
2021-11-26,Wallonia,6671,2
2021-11-27,Brussels,1684,1
2021-11-27,Flanders,11216,3
2021-11-27,Wallonia,4804,1
2021-11-28,Brussels,1179,1
2021-11-28,Flanders,8270,2
2021-11-28,Wallonia,2139,1
2021-11-29,Brussels,2179,1
2021-11-29,Flanders,20420,3
2021-11-29,Wallonia,7793,2
2021-11-30,Brussels,2139,1
2021-11-30,Flanders,17812,3
2021-11-30,Wallonia,8241,2
2021-12-01,Brussels,2357,1
2021-12-01,Flanders,16603,3
2021-12-01,Wallonia,7389,2
2021-12-02,Brussels,2063,1
2021-12-02,Flanders,15480,3
2021-12-02,Wallonia,6909,2
2021-12-03,Brussels,1988,1
2021-12-03,Flanders,14266,3
2021-12-03,Wallonia,7159,2
2021-12-04,Brussels,1679,1
2021-12-04,Flanders,9837,2
2021-12-04,Wallonia,4018,1
2021-12-05,Brussels,1217,1
2021-12-05,Flanders,6746,2
2021-12-05,Wallonia,2101,1
2021-12-06,Brussels,2071,1
2021-12-06,Flanders,15545,3
2021-12-06,Wallonia,6942,2
2021-12-07,Brussels,2133,1
2021-12-07,Flanders,12859,3
2021-12-07,Wallonia,7090,2
2021-12-08,Brussels,1908,1
2021-12-08,Flanders,12212,3
2021-12-08,Wallonia,6626,2
2021-12-09,Brussels,1929,1
2021-12-09,Flanders,11062,3
2021-12-09,Wallonia,6285,2
2021-12-10,Brussels,1878,1
2021-12-10,Flanders,10438,3
2021-12-10,Wallonia,6358,2
2021-12-11,Brussels,1465,1
2021-12-11,Flanders,6485,2
2021-12-11,Wallonia,4115,1
2021-12-12,Brussels,894,0
2021-12-12,Flanders,4683,1
2021-12-12,Wallonia,1954,1
2021-12-13,Brussels,1766,1
2021-12-13,Flanders,9830,2
2021-12-13,Wallonia,5801,2
2021-12-14,Brussels,2105,1
2021-12-14,Flanders,8345,2
2021-12-14,Wallonia,5598,2
2021-12-15,Brussels,1685,1
2021-12-15,Flanders,7508,2
2021-12-15,Wallonia,4421,1
2021-12-16,Brussels,1395,1
2021-12-16,Flanders,6242,2
2021-12-16,Wallonia,3849,1
2021-12-17,Brussels,1466,1
2021-12-17,Flanders,6175,2
2021-12-17,Wallonia,3394,1
2021-12-18,Brussels,1349,1
2021-12-18,Flanders,4111,1
2021-12-18,Wallonia,2455,1
2021-12-19,Brussels,909,0
2021-12-19,Flanders,2856,1
2021-12-19,Wallonia,1348,1
2021-12-20,Brussels,1592,1
2021-12-20,Flanders,5970,2
2021-12-20,Wallonia,4058,1
2021-12-21,Brussels,1585,1
2021-12-21,Flanders,5463,2
2021-12-21,Wallonia,3398,1
2021-12-22,Brussels,1759,1
2021-12-22,Flanders,5316,2
2021-12-22,Wallonia,3397,1
2021-12-23,Brussels,1706,1
2021-12-23,Flanders,4932,1
2021-12-23,Wallonia,3481,1
2021-12-24,Brussels,1403,1
2021-12-24,Flanders,4430,1
2021-12-24,Wallonia,2833,1
2021-12-25,Brussels,1146,1
2021-12-25,Flanders,2687,1
2021-12-25,Wallonia,1239,1
2021-12-26,Brussels,1259,1
2021-12-26,Flanders,3436,1
2021-12-26,Wallonia,1635,1
2021-12-27,Brussels,2377,1
2021-12-27,Flanders,7610,2
2021-12-27,Wallonia,4694,1
2021-12-28,Brussels,2652,1
2021-12-28,Flanders,7809,2
2021-12-28,Wallonia,5326,2
2021-12-29,Brussels,3070,1
2021-12-29,Flanders,8680,2
2021-12-29,Wallonia,5788,2
2021-12-30,Brussels,3319,1
2021-12-30,Flanders,9242,2
2021-12-30,Wallonia,6261,2
2021-12-31,Brussels,2708,1
2021-12-31,Flanders,7103,2
2021-12-31,Wallonia,5337,2
2022-01-01,Brussels,1396,1
2022-01-01,Flanders,3886,1
2022-01-01,Wallonia,1523,1
2022-01-02,Brussels,2781,1
2022-01-02,Flanders,6284,2
2022-01-02,Wallonia,2517,1
2022-01-03,Brussels,4612,1
2022-01-03,Flanders,16217,3
2022-01-03,Wallonia,9034,2
2022-01-04,Brussels,5601,2
2022-01-04,Flanders,16228,3
2022-01-04,Wallonia,10011,3
2022-01-05,Brussels,5176,2
2022-01-05,Flanders,14831,3
2022-01-05,Wallonia,9299,2
2022-01-06,Brussels,4827,1
2022-01-06,Flanders,13504,3
2022-01-06,Wallonia,8275,2
2022-01-07,Brussels,4620,1
2022-01-07,Flanders,14011,3
2022-01-07,Wallonia,8301,2
2022-01-08,Brussels,3789,1
2022-01-08,Flanders,9350,2
2022-01-08,Wallonia,5624,2
2022-01-09,Brussels,3106,1
2022-01-09,Flanders,8079,2
2022-01-09,Wallonia,2828,1
2022-01-10,Brussels,5698,2
2022-01-10,Flanders,22461,3
2022-01-10,Wallonia,11649,3
2022-01-11,Brussels,5725,2
2022-01-11,Flanders,18948,3
2022-01-11,Wallonia,10416,3
2022-01-12,Brussels,5528,2
2022-01-12,Flanders,19571,3
2022-01-12,Wallonia,9721,2
2022-01-13,Brussels,5200,2
2022-01-13,Flanders,18607,3
2022-01-13,Wallonia,9563,2
2022-01-14,Brussels,5360,2
2022-01-14,Flanders,20367,3
2022-01-14,Wallonia,10190,3
2022-01-15,Brussels,4052,1
2022-01-15,Flanders,14865,3
2022-01-15,Wallonia,7068,2
2022-01-16,Brussels,2816,1
2022-01-16,Flanders,11682,3
2022-01-16,Wallonia,3373,1
2022-01-17,Brussels,6734,2
2022-01-17,Flanders,40794,3
2022-01-17,Wallonia,17940,3
2022-01-18,Brussels,7886,2
2022-01-18,Flanders,38146,3
2022-01-18,Wallonia,19801,3
2022-01-19,Brussels,7797,2
2022-01-19,Flanders,38245,3
2022-01-19,Wallonia,20301,3
2022-01-20,Brussels,7285,2
2022-01-20,Flanders,37095,3
2022-01-20,Wallonia,19081,3
2022-01-21,Brussels,6871,2
2022-01-21,Flanders,35444,3
2022-01-21,Wallonia,20266,3
2022-01-22,Brussels,4875,1
2022-01-22,Flanders,22074,3
2022-01-22,Wallonia,11699,3
2022-01-23,Brussels,3481,1
2022-01-23,Flanders,17048,3
2022-01-23,Wallonia,5505,2
2022-01-24,Brussels,7651,2
2022-01-24,Flanders,47905,3
2022-01-24,Wallonia,25637,3
2022-01-25,Brussels,6878,2
2022-01-25,Flanders,38779,3
2022-01-25,Wallonia,24313,3
2022-01-26,Brussels,6113,2
2022-01-26,Flanders,34115,3
2022-01-26,Wallonia,20798,3
2022-01-27,Brussels,5387,2
2022-01-27,Flanders,31091,3
2022-01-27,Wallonia,18673,3
2022-01-28,Brussels,4786,1
2022-01-28,Flanders,27600,3
2022-01-28,Wallonia,16807,3
2022-01-29,Brussels,3190,1
2022-01-29,Flanders,16366,3
2022-01-29,Wallonia,10521,3
2022-01-30,Brussels,2235,1
2022-01-30,Flanders,11580,3
2022-01-30,Wallonia,4484,1
2022-01-31,Brussels,4682,1
2022-01-31,Flanders,32343,3
2022-01-31,Wallonia,19080,3
2022-02-01,Brussels,4088,1
2022-02-01,Flanders,24323,3
2022-02-01,Wallonia,16327,3
2022-02-02,Brussels,3544,1
2022-02-02,Flanders,20685,3
2022-02-02,Wallonia,13468,3
2022-02-03,Brussels,3114,1
2022-02-03,Flanders,18682,3
2022-02-03,Wallonia,11520,3
2022-02-04,Brussels,2766,1
2022-02-04,Flanders,15922,3
2022-02-04,Wallonia,10096,3
2022-02-05,Brussels,1912,1
2022-02-05,Flanders,10022,3
2022-02-05,Wallonia,6415,2
2022-02-06,Brussels,1418,1
2022-02-06,Flanders,8250,2
2022-02-06,Wallonia,3159,1
2022-02-07,Brussels,2813,1
2022-02-07,Flanders,19257,3
2022-02-07,Wallonia,10783,3
2022-02-08,Brussels,2092,1
2022-02-08,Flanders,14103,3
2022-02-08,Wallonia,8948,2
2022-02-09,Brussels,1987,1
2022-02-09,Flanders,12952,3
2022-02-09,Wallonia,7478,2
2022-02-10,Brussels,1635,1
2022-02-10,Flanders,11359,3
2022-02-10,Wallonia,6221,2
2022-02-11,Brussels,1891,1
2022-02-11,Flanders,10478,3
2022-02-11,Wallonia,6064,2
2022-02-12,Brussels,1269,1
2022-02-12,Flanders,7164,2
2022-02-12,Wallonia,3815,1
2022-02-13,Brussels,708,0
2022-02-13,Flanders,5888,2
2022-02-13,Wallonia,2118,1
2022-02-14,Brussels,1306,1
2022-02-14,Flanders,12698,3
2022-02-14,Wallonia,5404,2
2022-02-15,Brussels,1346,1
2022-02-15,Flanders,10793,3
2022-02-15,Wallonia,5248,2
2022-02-16,Brussels,1373,1
2022-02-16,Flanders,9205,2
2022-02-16,Wallonia,4671,1
2022-02-17,Brussels,1080,1
2022-02-17,Flanders,8361,2
2022-02-17,Wallonia,3936,1
2022-02-18,Brussels,1006,1
2022-02-18,Flanders,7018,2
2022-02-18,Wallonia,3523,1
2022-02-19,Brussels,660,0
2022-02-19,Flanders,5268,2
2022-02-19,Wallonia,2481,1
2022-02-20,Brussels,392,0
2022-02-20,Flanders,4058,1
2022-02-20,Wallonia,1286,1
2022-02-21,Brussels,891,0
2022-02-21,Flanders,9489,2
2022-02-21,Wallonia,3612,1
2022-02-22,Brussels,825,0
2022-02-22,Flanders,8154,2
2022-02-22,Wallonia,2742,1
2022-02-23,Brussels,882,0
2022-02-23,Flanders,7517,2
2022-02-23,Wallonia,2791,1
2022-02-24,Brussels,720,0
2022-02-24,Flanders,6660,2
2022-02-24,Wallonia,2476,1
2022-02-25,Brussels,529,0
2022-02-25,Flanders,5949,2
2022-02-25,Wallonia,2194,1
2022-02-26,Brussels,398,0
2022-02-26,Flanders,3763,1
2022-02-26,Wallonia,1390,1
2022-02-27,Brussels,404,0
2022-02-27,Flanders,2718,1
2022-02-27,Wallonia,816,0
2022-02-28,Brussels,705,0
2022-02-28,Flanders,7679,2
2022-02-28,Wallonia,2039,1
2022-03-01,Brussels,778,0
2022-03-01,Flanders,6883,2
2022-03-01,Wallonia,2251,1
2022-03-02,Brussels,900,0
2022-03-02,Flanders,7725,2
2022-03-02,Wallonia,2183,1
2022-03-03,Brussels,587,0
2022-03-03,Flanders,7315,2
2022-03-03,Wallonia,2006,1
2022-03-04,Brussels,850,0
2022-03-04,Flanders,7086,2
2022-03-04,Wallonia,1877,1
2022-03-05,Brussels,512,0
2022-03-05,Flanders,4885,1
2022-03-05,Wallonia,1180,1
2022-03-06,Brussels,358,0
2022-03-06,Flanders,4652,1
2022-03-06,Wallonia,815,0
2022-03-07,Brussels,791,0
2022-03-07,Flanders,11491,3
2022-03-07,Wallonia,2206,1
2022-03-08,Brussels,836,0
2022-03-08,Flanders,9666,2
2022-03-08,Wallonia,1974,1
2022-03-09,Brussels,720,0
2022-03-09,Flanders,9789,2
2022-03-09,Wallonia,1909,1
2022-03-10,Brussels,730,0
2022-03-10,Flanders,9112,2
2022-03-10,Wallonia,1683,1
2022-03-11,Brussels,606,0
2022-03-11,Flanders,9360,2
2022-03-11,Wallonia,1662,1
2022-03-12,Brussels,618,0
2022-03-12,Flanders,6245,2
2022-03-12,Wallonia,1327,1
2022-03-13,Brussels,291,0
2022-03-13,Flanders,5024,2
2022-03-13,Wallonia,611,0
2022-03-14,Brussels,1098,1
2022-03-14,Flanders,15102,3
2022-03-14,Wallonia,2504,1
2022-03-15,Brussels,934,0
2022-03-15,Flanders,12795,3
2022-03-15,Wallonia,2283,1
2022-03-16,Brussels,1116,1
2022-03-16,Flanders,12324,3
2022-03-16,Wallonia,2328,1
2022-03-17,Brussels,902,0
2022-03-17,Flanders,11171,3
2022-03-17,Wallonia,2228,1
2022-03-18,Brussels,830,0
2022-03-18,Flanders,10655,3
2022-03-18,Wallonia,2313,1
2022-03-19,Brussels,613,0
2022-03-19,Flanders,6877,2
2022-03-19,Wallonia,1222,1
2022-03-20,Brussels,321,0
2022-03-20,Flanders,5807,2
2022-03-20,Wallonia,727,0
2022-03-21,Brussels,1098,1
2022-03-21,Flanders,16505,3
2022-03-21,Wallonia,2948,1
2022-03-22,Brussels,1039,1
2022-03-22,Flanders,13865,3
2022-03-22,Wallonia,2782,1
2022-03-23,Brussels,949,0
2022-03-23,Flanders,14023,3
2022-03-23,Wallonia,2750,1
2022-03-24,Brussels,677,0
2022-03-24,Flanders,7909,2
2022-03-24,Wallonia,1371,1
2022-03-25,Flanders,295,0
2022-03-25,Wallonia,33,0
