date,region,total_cases,risk_index
2020-03-15,Brussels,119,1
2020-03-15,Flanders,461,3
2020-03-15,Wallonia,383,2
2020-03-16,Brussels,238,1
2020-03-16,Flanders,794,3
2020-03-16,Wallonia,568,2
2020-03-17,Brussels,219,1
2020-03-17,Flanders,1414,3
2020-03-17,Wallonia,654,2
2020-03-18,Brussels,346,1
2020-03-18,Flanders,1962,3
2020-03-18,Wallonia,925,2
2020-03-19,Brussels,583,1
2020-03-19,Flanders,2212,3
2020-03-19,Wallonia,1245,2
2020-03-20,Brussels,504,1
2020-03-20,Flanders,3230,3
2020-03-20,Wallonia,1468,2
2020-03-21,Brussels,683,1
2020-03-21,Flanders,2951,3
2020-03-21,Wallonia,1377,2
2020-03-22,Brussels,719,1
2020-03-22,Flanders,2262,3
2020-03-22,Wallonia,1464,2
2020-03-23,Brussels,515,1
2020-03-23,Flanders,3679,3
2020-03-23,Wallonia,1758,2
2020-03-24,Brussels,1058,1
2020-03-24,Flanders,5412,3
2020-03-24,Wallonia,1777,2
2020-03-25,Brussels,1312,1
2020-03-25,Flanders,6299,3
2020-03-25,Wallonia,2424,2
2020-03-26,Brussels,1517,1
2020-03-26,Flanders,5462,3
2020-03-26,Wallonia,2726,2
2020-03-27,Brussels,1859,1
2020-03-27,Flanders,6398,3
2020-03-27,Wallonia,2962,2
2020-03-28,Brussels,1856,1
2020-03-28,Flanders,6535,3
2020-03-28,Wallonia,2644,2
2020-03-29,Brussels,1661,1
2020-03-29,Flanders,4855,3
2020-03-29,Wallonia,2441,2
2020-03-30,Brussels,986,1
2020-03-30,Flanders,6131,3
2020-03-30,Wallonia,3155,2
2020-03-31,Brussels,2096,1
2020-03-31,Flanders,6389,3
2020-03-31,Wallonia,2698,2
2020-04-01,Brussels,1591,1
2020-04-01,Flanders,6428,3
2020-04-01,Wallonia,3667,2
2020-04-02,Brussels,1973,1
2020-04-02,Flanders,5815,3
2020-04-02,Wallonia,3714,2
2020-04-03,Brussels,1283,1
2020-04-03,Flanders,6709,3
2020-04-03,Wallonia,2425,2
2020-04-04,Brussels,1377,1
2020-04-04,Flanders,5143,3
2020-04-04,Wallonia,2549,2
2020-04-05,Brussels,1072,1
2020-04-05,Flanders,3407,3
2020-04-05,Wallonia,1782,2
2020-04-06,Brussels,1061,1
2020-04-06,Flanders,4508,3
2020-04-06,Wallonia,2051,2
2020-04-07,Brussels,1562,1
2020-04-07,Flanders,5555,3
2020-04-07,Wallonia,2583,2
2020-04-08,Brussels,1262,1
2020-04-08,Flanders,4790,3
2020-04-08,Wallonia,3260,2
2020-04-09,Brussels,1601,1
2020-04-09,Flanders,5465,3
2020-04-09,Wallonia,3493,2
2020-04-10,Brussels,1203,1
2020-04-10,Flanders,5766,3
2020-04-10,Wallonia,2828,2
2020-04-11,Brussels,762,1
2020-04-11,Flanders,4320,3
2020-04-11,Wallonia,2182,2
2020-04-12,Brussels,843,1
2020-04-12,Flanders,2547,3
2020-04-12,Wallonia,1099,2
2020-04-13,Brussels,775,1
2020-04-13,Flanders,2423,3
2020-04-13,Wallonia,991,2
2020-04-14,Brussels,708,1
2020-04-14,Flanders,3412,3
2020-04-14,Wallonia,1576,2
2020-04-15,Brussels,903,1
2020-04-15,Flanders,3973,3
2020-04-15,Wallonia,2139,2
2020-04-16,Brussels,1019,1
2020-04-16,Flanders,3708,3
2020-04-16,Wallonia,2441,2
2020-04-17,Brussels,1037,1
2020-04-17,Flanders,3417,3
2020-04-17,Wallonia,1990,2
2020-04-18,Brussels,578,1
2020-04-18,Flanders,2255,3
2020-04-18,Wallonia,1867,2
2020-04-19,Brussels,503,1
2020-04-19,Flanders,1766,3
2020-04-19,Wallonia,1215,2
2020-04-20,Brussels,439,1
2020-04-20,Flanders,2106,3
2020-04-20,Wallonia,1752,2
2020-04-21,Brussels,572,1
2020-04-21,Flanders,2866,3
2020-04-21,Wallonia,2275,2
2020-04-22,Brussels,812,1
2020-04-22,Flanders,1752,3
2020-04-22,Wallonia,1530,2
2020-04-23,Brussels,667,1
2020-04-23,Flanders,2139,3
2020-04-23,Wallonia,1537,2
2020-04-24,Brussels,776,1
2020-04-24,Flanders,2177,3
2020-04-24,Wallonia,1279,2
2020-04-25,Brussels,331,1
2020-04-25,Flanders,1638,3
2020-04-25,Wallonia,794,2
2020-04-26,Brussels,247,1
2020-04-26,Flanders,783,3
2020-04-26,Wallonia,623,2
2020-04-27,Brussels,448,1
2020-04-27,Flanders,1523,3
2020-04-27,Wallonia,869,2
2020-04-28,Brussels,390,1
2020-04-28,Flanders,1718,3
2020-04-28,Wallonia,863,2
2020-04-29,Brussels,481,1
2020-04-29,Flanders,1900,3
2020-04-29,Wallonia,843,2
2020-04-30,Brussels,481,1
2020-04-30,Flanders,1477,3
2020-04-30,Wallonia,909,2
2020-05-01,Brussels,130,1
2020-05-01,Flanders,1265,3
2020-05-01,Wallonia,393,2
2020-05-02,Brussels,90,1
2020-05-02,Flanders,831,3
2020-05-02,Wallonia,439,2
2020-05-03,Brussels,87,1
2020-05-03,Flanders,511,3
2020-05-03,Wallonia,114,2
2020-05-04,Brussels,331,1
2020-05-04,Flanders,1331,3
2020-05-04,Wallonia,459,2
2020-05-05,Brussels,367,1
2020-05-05,Flanders,1373,3
2020-05-05,Wallonia,731,2
2020-05-06,Brussels,303,1
2020-05-06,Flanders,1379,3
2020-05-06,Wallonia,535,2
2020-05-07,Brussels,295,1
2020-05-07,Flanders,1359,3
2020-05-07,Wallonia,683,2
2020-05-08,Brussels,189,1
2020-05-08,Flanders,939,3
2020-05-08,Wallonia,574,2
2020-05-09,Brussels,251,1
2020-05-09,Flanders,680,3
2020-05-09,Wallonia,301,2
2020-05-10,Brussels,92,1
2020-05-10,Flanders,246,3
2020-05-10,Wallonia,210,2
2020-05-11,Brussels,157,1
2020-05-11,Flanders,842,3
2020-05-11,Wallonia,204,2
2020-05-12,Brussels,148,1
2020-05-12,Flanders,940,3
2020-05-12,Wallonia,452,2
2020-05-13,Brussels,193,1
2020-05-13,Flanders,864,3
2020-05-13,Wallonia,463,2
2020-05-14,Brussels,126,1
2020-05-14,Flanders,780,3
2020-05-14,Wallonia,381,2
2020-05-15,Brussels,207,1
2020-05-15,Flanders,783,3
2020-05-15,Wallonia,310,2
2020-05-16,Brussels,175,1
2020-05-16,Flanders,368,3
2020-05-16,Wallonia,233,2
2020-05-17,Brussels,22,1
2020-05-17,Flanders,309,3
2020-05-17,Wallonia,49,2
2020-05-18,Brussels,188,1
2020-05-18,Flanders,672,3
2020-05-18,Wallonia,170,2
2020-05-19,Brussels,170,1
2020-05-19,Flanders,754,3
2020-05-19,Wallonia,188,2
2020-05-20,Brussels,151,1
2020-05-20,Flanders,957,3
2020-05-20,Wallonia,376,2
2020-05-21,Brussels,53,2
2020-05-21,Flanders,340,3
2020-05-21,Wallonia,51,1
2020-05-22,Brussels,117,1
2020-05-22,Flanders,532,3
2020-05-22,Wallonia,125,2
2020-05-23,Brussels,60,1
2020-05-23,Flanders,408,3
2020-05-23,Wallonia,174,2
2020-05-24,Brussels,31,1
2020-05-24,Flanders,191,3
2020-05-24,Wallonia,69,2
2020-05-25,Brussels,96,1
2020-05-25,Flanders,599,3
2020-05-25,Wallonia,150,2
2020-05-26,Brussels,68,1
2020-05-26,Flanders,385,3
2020-05-26,Wallonia,193,2
2020-05-27,Brussels,149,2
2020-05-27,Flanders,524,3
2020-05-27,Wallonia,143,1
2020-05-28,Brussels,24,1
2020-05-28,Flanders,378,3
2020-05-28,Wallonia,74,2
2020-05-29,Brussels,110,2
2020-05-29,Flanders,233,3
2020-05-29,Wallonia,97,1
2020-05-30,Brussels,28,1
2020-05-30,Flanders,182,3
2020-05-30,Wallonia,34,2
2020-05-31,Brussels,17,1
2020-05-31,Flanders,116,3
2020-05-31,Wallonia,37,2
2020-06-01,Brussels,42,2
2020-06-01,Flanders,139,3
2020-06-01,Wallonia,35,1
2020-06-02,Brussels,119,2
2020-06-02,Flanders,327,3
2020-06-02,Wallonia,106,1
2020-06-03,Brussels,34,1
2020-06-03,Flanders,258,3
2020-06-03,Wallonia,87,2
2020-06-04,Brussels,128,2
2020-06-04,Flanders,313,3
2020-06-04,Wallonia,96,1
2020-06-05,Brussels,99,2
2020-06-05,Flanders,295,3
2020-06-05,Wallonia,79,1
2020-06-06,Brussels,20,1
2020-06-06,Flanders,145,3
2020-06-06,Wallonia,37,2
2020-06-07,Brussels,60,2
2020-06-07,Flanders,83,3
2020-06-07,Wallonia,34,1
2020-06-08,Brussels,46,1
2020-06-08,Flanders,184,3
2020-06-08,Wallonia,100,2
2020-06-09,Brussels,85,1
2020-06-09,Flanders,235,3
2020-06-09,Wallonia,88,2
2020-06-10,Brussels,95,1
2020-06-10,Flanders,163,3
2020-06-10,Wallonia,62,2
2020-06-11,Brussels,55,1
2020-06-11,Flanders,230,3
2020-06-11,Wallonia,77,2
2020-06-12,Brussels,59,1
2020-06-12,Flanders,127,3
2020-06-12,Wallonia,104,2
2020-06-13,Brussels,21,1
2020-06-13,Flanders,35,3
2020-06-13,Wallonia,34,2
2020-06-14,Brussels,10,2
2020-06-14,Flanders,50,3
2020-06-14,Wallonia,7,1
2020-06-15,Brussels,62,2
2020-06-15,Flanders,158,3
2020-06-15,Wallonia,47,1
2020-06-16,Brussels,43,1
2020-06-16,Flanders,132,3
2020-06-16,Wallonia,93,2
2020-06-17,Brussels,37,2
2020-06-17,Flanders,233,3
2020-06-17,Wallonia,21,1
2020-06-18,Brussels,78,2
2020-06-18,Flanders,122,3
2020-06-18,Wallonia,73,1
2020-06-19,Brussels,63,2
2020-06-19,Flanders,214,3
2020-06-19,Wallonia,43,1
2020-06-20,Brussels,7,1
2020-06-20,Flanders,59,2
2020-06-20,Wallonia,69,3
2020-06-21,Flanders,38,2
2020-06-21,Wallonia,11,1
2020-06-22,Brussels,25,1
2020-06-22,Flanders,179,3
2020-06-22,Wallonia,59,2
2020-06-23,Brussels,20,1
2020-06-23,Flanders,100,3
2020-06-23,Wallonia,84,2
2020-06-24,Brussels,22,1
2020-06-24,Flanders,175,3
2020-06-24,Wallonia,42,2
2020-06-25,Brussels,33,1
2020-06-25,Flanders,125,3
2020-06-25,Wallonia,37,2
2020-06-26,Brussels,83,2
2020-06-26,Flanders,113,3
2020-06-26,Wallonia,74,1
2020-06-27,Brussels,13,1
2020-06-27,Flanders,49,3
2020-06-27,Wallonia,33,2
2020-06-28,Flanders,51,3
2020-06-28,Wallonia,4,1
2020-06-29,Brussels,94,2
2020-06-29,Flanders,156,3
2020-06-29,Wallonia,23,1
2020-06-30,Brussels,23,1
2020-06-30,Flanders,165,3
2020-06-30,Wallonia,31,2
2020-07-01,Brussels,22,2
2020-07-01,Flanders,184,3
2020-07-01,Wallonia,17,1
2020-07-02,Brussels,46,2
2020-07-02,Flanders,122,3
2020-07-02,Wallonia,26,1
2020-07-03,Brussels,17,1
2020-07-03,Flanders,77,3
2020-07-03,Wallonia,40,2
2020-07-04,Brussels,6,1
2020-07-04,Flanders,70,2
2020-07-04,Wallonia,73,3
2020-07-05,Brussels,1,1
2020-07-05,Flanders,43,3
2020-07-05,Wallonia,2,2
2020-07-06,Brussels,34,2
2020-07-06,Flanders,125,3
2020-07-06,Wallonia,27,1
2020-07-07,Brussels,8,1
2020-07-07,Flanders,190,3
2020-07-07,Wallonia,47,2
2020-07-08,Brussels,37,2
2020-07-08,Flanders,161,3
2020-07-08,Wallonia,22,1
2020-07-09,Brussels,28,2
2020-07-09,Flanders,162,3
2020-07-09,Wallonia,23,1
2020-07-10,Brussels,29,2
2020-07-10,Flanders,112,3
2020-07-10,Wallonia,25,1
2020-07-11,Brussels,6,1
2020-07-11,Flanders,109,3
2020-07-11,Wallonia,22,2
2020-07-12,Brussels,12,2
2020-07-12,Flanders,76,3
2020-07-12,Wallonia,7,1
2020-07-13,Brussels,37,1
2020-07-13,Flanders,233,3
2020-07-13,Wallonia,52,2
2020-07-14,Brussels,69,1
2020-07-14,Flanders,195,3
2020-07-14,Wallonia,147,2
2020-07-15,Brussels,47,1
2020-07-15,Flanders,236,3
2020-07-15,Wallonia,88,2
2020-07-16,Brussels,34,1
2020-07-16,Flanders,281,3
2020-07-16,Wallonia,67,2
2020-07-17,Brussels,45,1
2020-07-17,Flanders,296,3
2020-07-17,Wallonia,73,2
2020-07-18,Brussels,17,1
2020-07-18,Flanders,332,3
2020-07-18,Wallonia,44,2
2020-07-19,Brussels,4,1
2020-07-19,Flanders,150,3
2020-07-19,Wallonia,28,2
2020-07-20,Brussels,60,1
2020-07-20,Flanders,478,3
2020-07-20,Wallonia,92,2
2020-07-21,Brussels,16,1
2020-07-21,Flanders,224,3
2020-07-21,Wallonia,19,2
2020-07-22,Brussels,68,1
2020-07-22,Flanders,635,3
2020-07-22,Wallonia,166,2
2020-07-23,Brussels,111,1
2020-07-23,Flanders,690,3
2020-07-23,Wallonia,116,2
2020-07-24,Brussels,107,1
2020-07-24,Flanders,677,3
2020-07-24,Wallonia,177,2
2020-07-25,Brussels,54,1
2020-07-25,Flanders,426,3
2020-07-25,Wallonia,78,2
2020-07-26,Brussels,10,1
2020-07-26,Flanders,295,3
2020-07-26,Wallonia,31,2
2020-07-27,Brussels,84,1
2020-07-27,Flanders,813,3
2020-07-27,Wallonia,133,2
2020-07-28,Brussels,222,1
2020-07-28,Flanders,869,3
2020-07-28,Wallonia,238,2
2020-07-29,Brussels,261,2
2020-07-29,Flanders,629,3
2020-07-29,Wallonia,252,1
2020-07-30,Brussels,185,1
2020-07-30,Flanders,720,3
2020-07-30,Wallonia,259,2
2020-07-31,Brussels,99,1
2020-07-31,Flanders,642,3
2020-07-31,Wallonia,251,2
2020-08-01,Brussels,70,1
2020-08-01,Flanders,379,3
2020-08-01,Wallonia,223,2
2020-08-02,Brussels,53,1
2020-08-02,Flanders,301,3
2020-08-02,Wallonia,142,2
2020-08-03,Brussels,268,2
2020-08-03,Flanders,777,3
2020-08-03,Wallonia,244,1
2020-08-04,Brussels,272,2
2020-08-04,Flanders,611,3
2020-08-04,Wallonia,240,1
2020-08-05,Brussels,394,2
2020-08-05,Flanders,861,3
2020-08-05,Wallonia,314,1
2020-08-06,Brussels,210,1
2020-08-06,Flanders,802,3
2020-08-06,Wallonia,324,2
2020-08-07,Brussels,295,2
2020-08-07,Flanders,774,3
2020-08-07,Wallonia,244,1
2020-08-08,Brussels,230,2
2020-08-08,Flanders,440,3
2020-08-08,Wallonia,153,1
2020-08-09,Brussels,74,2
2020-08-09,Flanders,174,3
2020-08-09,Wallonia,67,1
2020-08-10,Brussels,363,2
2020-08-10,Flanders,966,3
2020-08-10,Wallonia,265,1
2020-08-11,Brussels,330,1
2020-08-11,Flanders,784,3
2020-08-11,Wallonia,406,2
2020-08-12,Brussels,357,2
2020-08-12,Flanders,590,3
2020-08-12,Wallonia,240,1
2020-08-13,Brussels,340,2
2020-08-13,Flanders,796,3
2020-08-13,Wallonia,304,1
2020-08-14,Brussels,308,2
2020-08-14,Flanders,517,3
2020-08-14,Wallonia,278,1
2020-08-15,Brussels,123,1
2020-08-15,Flanders,384,3
2020-08-15,Wallonia,147,2
2020-08-16,Brussels,140,2
2020-08-16,Flanders,225,3
2020-08-16,Wallonia,65,1
2020-08-17,Brussels,210,2
2020-08-17,Flanders,615,3
2020-08-17,Wallonia,198,1
2020-08-18,Brussels,507,3
2020-08-18,Flanders,465,2
2020-08-18,Wallonia,305,1
2020-08-19,Brussels,457,2
2020-08-19,Flanders,524,3
2020-08-19,Wallonia,228,1
2020-08-20,Brussels,339,2
2020-08-20,Flanders,530,3
2020-08-20,Wallonia,180,1
2020-08-21,Brussels,314,2
2020-08-21,Flanders,517,3
2020-08-21,Wallonia,158,1
2020-08-22,Brussels,98,1
2020-08-22,Flanders,250,3
2020-08-22,Wallonia,106,2
2020-08-23,Brussels,66,2
2020-08-23,Flanders,122,3
2020-08-23,Wallonia,50,1
2020-08-24,Brussels,188,1
2020-08-24,Flanders,427,3
2020-08-24,Wallonia,227,2
2020-08-25,Brussels,214,2
2020-08-25,Flanders,350,3
2020-08-25,Wallonia,128,1
2020-08-26,Brussels,323,2
2020-08-26,Flanders,358,3
2020-08-26,Wallonia,145,1
2020-08-27,Brussels,276,2
2020-08-27,Flanders,298,3
2020-08-27,Wallonia,265,1
2020-08-28,Brussels,254,1
2020-08-28,Flanders,368,3
2020-08-28,Wallonia,260,2
2020-08-29,Brussels,91,2
2020-08-29,Flanders,140,3
2020-08-29,Wallonia,59,1
2020-08-30,Brussels,53,2
2020-08-30,Flanders,162,3
2020-08-30,Wallonia,35,1
2020-08-31,Brussels,169,1
2020-08-31,Flanders,531,3
2020-08-31,Wallonia,192,2
2020-09-01,Brussels,263,2
2020-09-01,Flanders,514,3
2020-09-01,Wallonia,195,1
2020-09-02,Brussels,330,2
2020-09-02,Flanders,433,3
2020-09-02,Wallonia,193,1
2020-09-03,Brussels,228,2
2020-09-03,Flanders,456,3
2020-09-03,Wallonia,177,1
2020-09-04,Brussels,281,2
2020-09-04,Flanders,518,3
2020-09-04,Wallonia,261,1
2020-09-05,Brussels,133,1
2020-09-05,Flanders,244,3
2020-09-05,Wallonia,138,2
2020-09-06,Brussels,97,2
2020-09-06,Flanders,183,3
2020-09-06,Wallonia,53,1
2020-09-07,Brussels,511,2
2020-09-07,Flanders,591,3
2020-09-07,Wallonia,281,1
2020-09-08,Brussels,484,2
2020-09-08,Flanders,675,3
2020-09-08,Wallonia,384,1
2020-09-09,Brussels,283,1
2020-09-09,Flanders,682,3
2020-09-09,Wallonia,425,2
2020-09-10,Brussels,336,1
2020-09-10,Flanders,856,3
2020-09-10,Wallonia,435,2
2020-09-11,Brussels,522,2
2020-09-11,Flanders,778,3
2020-09-11,Wallonia,473,1
2020-09-12,Brussels,253,1
2020-09-12,Flanders,489,3
2020-09-12,Wallonia,391,2
2020-09-13,Brussels,239,2
2020-09-13,Flanders,378,3
2020-09-13,Wallonia,160,1
2020-09-14,Brussels,581,1
2020-09-14,Flanders,1108,3
2020-09-14,Wallonia,631,2
2020-09-15,Brussels,628,1
2020-09-15,Flanders,996,3
2020-09-15,Wallonia,863,2
2020-09-16,Brussels,780,1
2020-09-16,Flanders,1113,3
2020-09-16,Wallonia,851,2
2020-09-17,Brussels,721,1
2020-09-17,Flanders,1037,3
2020-09-17,Wallonia,826,2
2020-09-18,Brussels,577,1
2020-09-18,Flanders,1357,3
2020-09-18,Wallonia,777,2
2020-09-19,Brussels,384,1
2020-09-19,Flanders,920,3
2020-09-19,Wallonia,582,2
2020-09-20,Brussels,201,1
2020-09-20,Flanders,494,3
2020-09-20,Wallonia,513,2
2020-09-21,Brussels,1051,2
2020-09-21,Flanders,1298,3
2020-09-21,Wallonia,930,1
2020-09-22,Brussels,866,1
2020-09-22,Flanders,1473,3
2020-09-22,Wallonia,1080,2
2020-09-23,Brussels,928,1
2020-09-23,Flanders,1286,3
2020-09-23,Wallonia,1162,2
2020-09-24,Brussels,814,1
2020-09-24,Flanders,1857,3
2020-09-24,Wallonia,827,2
2020-09-25,Brussels,741,1
2020-09-25,Flanders,1362,3
2020-09-25,Wallonia,836,2
2020-09-26,Brussels,503,1
2020-09-26,Flanders,729,2
2020-09-26,Wallonia,759,3
2020-09-27,Brussels,453,2
2020-09-27,Flanders,579,3
2020-09-27,Wallonia,379,1
2020-09-28,Brussels,1078,1
2020-09-28,Flanders,1694,3
2020-09-28,Wallonia,1406,2
2020-09-29,Brussels,1316,1
2020-09-29,Flanders,1649,2
2020-09-29,Wallonia,1701,3
2020-09-30,Brussels,1395,1
2020-09-30,Flanders,1857,3
2020-09-30,Wallonia,1613,2
2020-10-01,Brussels,1403,1
2020-10-01,Flanders,1751,2
2020-10-01,Wallonia,1879,3
2020-10-02,Brussels,1045,1
2020-10-02,Flanders,1817,2
2020-10-02,Wallonia,2225,3
2020-10-03,Brussels,702,1
2020-10-03,Flanders,1093,2
2020-10-03,Wallonia,1357,3
2020-10-04,Brussels,448,1
2020-10-04,Flanders,963,2
2020-10-04,Wallonia,1248,3
2020-10-05,Brussels,1606,1
2020-10-05,Flanders,2607,2
2020-10-05,Wallonia,2748,3
2020-10-06,Brussels,1673,1
2020-10-06,Flanders,2778,2
2020-10-06,Wallonia,3378,3
2020-10-07,Brussels,2064,1
2020-10-07,Flanders,3328,2
2020-10-07,Wallonia,4227,3
2020-10-08,Brussels,1988,1
2020-10-08,Flanders,3049,2
2020-10-08,Wallonia,4098,3
2020-10-09,Brussels,2027,1
2020-10-09,Flanders,3719,2
2020-10-09,Wallonia,5016,3
2020-10-10,Brussels,1117,1
2020-10-10,Flanders,2299,2
2020-10-10,Wallonia,4060,3
2020-10-11,Brussels,695,1
2020-10-11,Flanders,1840,2
2020-10-11,Wallonia,2518,3
2020-10-12,Brussels,2153,1
2020-10-12,Flanders,5173,2
2020-10-12,Wallonia,5924,3
2020-10-13,Brussels,2954,1
2020-10-13,Flanders,5504,2
2020-10-13,Wallonia,8551,3
2020-10-14,Brussels,2979,1
2020-10-14,Flanders,5843,2
2020-10-14,Wallonia,8806,3
2020-10-15,Brussels,2986,1
2020-10-15,Flanders,5907,2
2020-10-15,Wallonia,8751,3
2020-10-16,Brussels,2959,1
2020-10-16,Flanders,6454,2
2020-10-16,Wallonia,9147,3
2020-10-17,Brussels,2195,1
2020-10-17,Flanders,4852,2
2020-10-17,Wallonia,8218,3
2020-10-18,Brussels,1279,1
2020-10-18,Flanders,3348,2
2020-10-18,Wallonia,5007,3
2020-10-19,Brussels,4005,1
2020-10-19,Flanders,8344,2
2020-10-19,Wallonia,8704,3
2020-10-20,Brussels,4901,1
2020-10-20,Flanders,9595,2
2020-10-20,Wallonia,13280,3
2020-10-21,Brussels,3998,1
2020-10-21,Flanders,9399,2
2020-10-21,Wallonia,12708,3
2020-10-22,Brussels,4779,1
2020-10-22,Flanders,9963,2
2020-10-22,Wallonia,13042,3
2020-10-23,Brussels,4822,1
2020-10-23,Flanders,11184,2
2020-10-23,Wallonia,14929,3
2020-10-24,Brussels,3460,1
2020-10-24,Flanders,8529,2
2020-10-24,Wallonia,11588,3
2020-10-25,Brussels,2283,1
2020-10-25,Flanders,5830,2
2020-10-25,Wallonia,7139,3
2020-10-26,Brussels,3423,1
2020-10-26,Flanders,13329,2
2020-10-26,Wallonia,13685,3
2020-10-27,Brussels,4977,1
2020-10-27,Flanders,13408,2
2020-10-27,Wallonia,17622,3
2020-10-28,Brussels,4458,1
2020-10-28,Flanders,11315,2
2020-10-28,Wallonia,17098,3
2020-10-29,Brussels,3864,1
2020-10-29,Flanders,10770,2
2020-10-29,Wallonia,13944,3
2020-10-30,Brussels,3786,1
2020-10-30,Flanders,11547,2
2020-10-30,Wallonia,14803,3
2020-10-31,Brussels,2949,1
2020-10-31,Flanders,8305,2
2020-10-31,Wallonia,9032,3
2020-11-01,Brussels,1456,1
2020-11-01,Flanders,6444,3
2020-11-01,Wallonia,6034,2
2020-11-02,Brussels,2884,1
2020-11-02,Flanders,11263,2
2020-11-02,Wallonia,11646,3
2020-11-03,Brussels,3414,1
2020-11-03,Flanders,12075,2
2020-11-03,Wallonia,14356,3
2020-11-04,Brussels,2897,1
2020-11-04,Flanders,9169,2
2020-11-04,Wallonia,10435,3
2020-11-05,Brussels,2405,1
2020-11-05,Flanders,7815,2
2020-11-05,Wallonia,8768,3
2020-11-06,Brussels,1970,1
2020-11-06,Flanders,8046,2
2020-11-06,Wallonia,8512,3
2020-11-07,Brussels,1824,1
2020-11-07,Flanders,5476,2
2020-11-07,Wallonia,5740,3
2020-11-08,Brussels,930,1
2020-11-08,Flanders,4361,3
2020-11-08,Wallonia,3874,2
2020-11-09,Brussels,2120,1
2020-11-09,Flanders,8021,3
2020-11-09,Wallonia,7160,2
2020-11-10,Brussels,2549,1
2020-11-10,Flanders,8763,3
2020-11-10,Wallonia,8470,2
2020-11-11,Brussels,1530,1
2020-11-11,Flanders,5743,3
2020-11-11,Wallonia,5454,2
2020-11-12,Brussels,1893,1
2020-11-12,Flanders,6330,3
2020-11-12,Wallonia,6298,2
2020-11-13,Brussels,1909,1
2020-11-13,Flanders,6796,2
2020-11-13,Wallonia,7340,3
2020-11-14,Brussels,1602,1
2020-11-14,Flanders,5073,3
2020-11-14,Wallonia,4675,2
2020-11-15,Brussels,730,1
2020-11-15,Flanders,3609,3
2020-11-15,Wallonia,2265,2
2020-11-16,Brussels,1191,1
2020-11-16,Flanders,5906,3
2020-11-16,Wallonia,4260,2
2020-11-17,Brussels,1397,1
2020-11-17,Flanders,5234,2
2020-11-17,Wallonia,5567,3
2020-11-18,Brussels,1256,1
2020-11-18,Flanders,5168,3
2020-11-18,Wallonia,4267,2
2020-11-19,Brussels,1305,1
2020-11-19,Flanders,4920,3
2020-11-19,Wallonia,3907,2
2020-11-20,Brussels,1193,1
2020-11-20,Flanders,4608,3
2020-11-20,Wallonia,3525,2
2020-11-21,Brussels,906,1
2020-11-21,Flanders,3150,3
2020-11-21,Wallonia,2122,2
2020-11-22,Brussels,389,1
2020-11-22,Flanders,2279,3
2020-11-22,Wallonia,1406,2
2020-11-23,Brussels,893,1
2020-11-23,Flanders,4295,3
2020-11-23,Wallonia,2906,2
2020-11-24,Brussels,1099,1
2020-11-24,Flanders,4961,3
2020-11-24,Wallonia,2781,2
2020-11-25,Brussels,1076,1
2020-11-25,Flanders,4214,3
2020-11-25,Wallonia,2874,2
2020-11-26,Brussels,830,1
2020-11-26,Flanders,3747,3
2020-11-26,Wallonia,2819,2
2020-11-27,Brussels,656,1
2020-11-27,Flanders,3934,3
2020-11-27,Wallonia,2686,2
2020-11-28,Brussels,605,1
2020-11-28,Flanders,3312,3
2020-11-28,Wallonia,1428,2
2020-11-29,Brussels,294,1
2020-11-29,Flanders,2140,3
2020-11-29,Wallonia,652,2
2020-11-30,Brussels,725,1
2020-11-30,Flanders,3224,3
2020-11-30,Wallonia,1708,2
2020-12-01,Brussels,740,1
2020-12-01,Flanders,3770,3
2020-12-01,Wallonia,2232,2
2020-12-02,Brussels,877,1
2020-12-02,Flanders,3978,3
2020-12-02,Wallonia,2404,2
2020-12-03,Brussels,626,1
2020-12-03,Flanders,3338,3
2020-12-03,Wallonia,2257,2
2020-12-04,Brussels,808,1
2020-12-04,Flanders,3679,3
2020-12-04,Wallonia,2358,2
2020-12-05,Brussels,439,1
2020-12-05,Flanders,3107,3
2020-12-05,Wallonia,1668,2
2020-12-06,Brussels,245,1
2020-12-06,Flanders,2149,3
2020-12-06,Wallonia,796,2
2020-12-07,Brussels,537,1
2020-12-07,Flanders,3793,3
2020-12-07,Wallonia,1906,2
2020-12-08,Brussels,714,1
2020-12-08,Flanders,3604,3
2020-12-08,Wallonia,2617,2
2020-12-09,Brussels,568,1
2020-12-09,Flanders,3659,3
2020-12-09,Wallonia,2152,2
2020-12-10,Brussels,836,1
2020-12-10,Flanders,3716,3
2020-12-10,Wallonia,2108,2
2020-12-11,Brussels,484,1
2020-12-11,Flanders,3852,3
2020-12-11,Wallonia,2111,2
2020-12-12,Brussels,428,1
2020-12-12,Flanders,3195,3
2020-12-12,Wallonia,1455,2
2020-12-13,Brussels,318,1
2020-12-13,Flanders,2756,3
2020-12-13,Wallonia,1020,2
2020-12-14,Brussels,538,1
2020-12-14,Flanders,3788,3
2020-12-14,Wallonia,1899,2
2020-12-15,Brussels,666,1
2020-12-15,Flanders,4984,3
2020-12-15,Wallonia,1992,2
2020-12-16,Brussels,603,1
2020-12-16,Flanders,3777,3
2020-12-16,Wallonia,2281,2
2020-12-17,Brussels,860,1
2020-12-17,Flanders,3838,3
2020-12-17,Wallonia,2120,2
2020-12-18,Brussels,579,1
2020-12-18,Flanders,3911,3
2020-12-18,Wallonia,2193,2
2020-12-19,Brussels,504,1
2020-12-19,Flanders,2839,3
2020-12-19,Wallonia,1854,2
2020-12-20,Brussels,215,1
2020-12-20,Flanders,2139,3
2020-12-20,Wallonia,517,2
2020-12-21,Brussels,573,1
2020-12-21,Flanders,3702,3
2020-12-21,Wallonia,1715,2
2020-12-22,Brussels,621,1
2020-12-22,Flanders,4053,3
2020-12-22,Wallonia,2151,2
2020-12-23,Brussels,446,1
2020-12-23,Flanders,3947,3
2020-12-23,Wallonia,1645,2
2020-12-24,Brussels,406,1
2020-12-24,Flanders,3659,3
2020-12-24,Wallonia,1773,2
2020-12-25,Brussels,222,1
2020-12-25,Flanders,2094,3
2020-12-25,Wallonia,474,2
2020-12-26,Brussels,145,1
2020-12-26,Flanders,2087,3
2020-12-26,Wallonia,611,2
2020-12-27,Brussels,163,1
2020-12-27,Flanders,2199,3
2020-12-27,Wallonia,879,2
2020-12-28,Brussels,586,1
2020-12-28,Flanders,3354,3
2020-12-28,Wallonia,1583,2
2020-12-29,Brussels,533,1
2020-12-29,Flanders,3764,3
2020-12-29,Wallonia,1915,2
2020-12-30,Brussels,442,1
2020-12-30,Flanders,2996,3
2020-12-30,Wallonia,1581,2
2020-12-31,Brussels,341,1
2020-12-31,Flanders,2666,3
2020-12-31,Wallonia,1404,2
2021-01-01,Brussels,203,1
2021-01-01,Flanders,1711,3
2021-01-01,Wallonia,847,2
2021-01-02,Brussels,222,1
2021-01-02,Flanders,2031,3
2021-01-02,Wallonia,834,2
2021-01-03,Brussels,384,1
2021-01-03,Flanders,1878,3
2021-01-03,Wallonia,726,2
2021-01-04,Brussels,413,1
2021-01-04,Flanders,3186,3
2021-01-04,Wallonia,1394,2
2021-01-05,Brussels,751,1
2021-01-05,Flanders,3226,3
2021-01-05,Wallonia,1528,2
2021-01-06,Brussels,640,1
2021-01-06,Flanders,2727,3
2021-01-06,Wallonia,1648,2
2021-01-07,Brussels,562,1
2021-01-07,Flanders,2928,3
2021-01-07,Wallonia,1266,2
2021-01-08,Brussels,580,1
2021-01-08,Flanders,2548,3
2021-01-08,Wallonia,1453,2
2021-01-09,Brussels,446,1
2021-01-09,Flanders,2309,3
2021-01-09,Wallonia,1020,2
2021-01-10,Brussels,239,1
2021-01-10,Flanders,1584,3
2021-01-10,Wallonia,421,2
2021-01-11,Brussels,501,1
2021-01-11,Flanders,2618,3
2021-01-11,Wallonia,1425,2
2021-01-12,Brussels,733,1
2021-01-12,Flanders,2723,3
2021-01-12,Wallonia,1398,2
2021-01-13,Brussels,589,1
2021-01-13,Flanders,2918,3
2021-01-13,Wallonia,1199,2
2021-01-14,Brussels,529,1
2021-01-14,Flanders,2617,3
2021-01-14,Wallonia,1302,2
2021-01-15,Brussels,480,1
2021-01-15,Flanders,3037,3
2021-01-15,Wallonia,1239,2
2021-01-16,Brussels,329,1
2021-01-16,Flanders,1961,3
2021-01-16,Wallonia,823,2
2021-01-17,Brussels,272,1
2021-01-17,Flanders,1283,3
2021-01-17,Wallonia,425,2
2021-01-18,Brussels,589,1
2021-01-18,Flanders,3037,3
2021-01-18,Wallonia,1293,2
2021-01-19,Brussels,819,1
2021-01-19,Flanders,3477,3
2021-01-19,Wallonia,1617,2
2021-01-20,Brussels,397,1
2021-01-20,Flanders,3262,3
2021-01-20,Wallonia,1513,2
2021-01-21,Brussels,648,1
2021-01-21,Flanders,2960,3
2021-01-21,Wallonia,1492,2
2021-01-22,Brussels,675,1
2021-01-22,Flanders,3457,3
2021-01-22,Wallonia,1397,2
2021-01-23,Brussels,494,1
2021-01-23,Flanders,2479,3
2021-01-23,Wallonia,1094,2
2021-01-24,Brussels,232,1
2021-01-24,Flanders,1989,3
2021-01-24,Wallonia,441,2
2021-01-25,Brussels,420,1
2021-01-25,Flanders,3290,3
2021-01-25,Wallonia,1296,2
2021-01-26,Brussels,437,1
2021-01-26,Flanders,3438,3
2021-01-26,Wallonia,1757,2
2021-01-27,Brussels,428,1
2021-01-27,Flanders,2809,3
2021-01-27,Wallonia,1573,2
2021-01-28,Brussels,454,1
2021-01-28,Flanders,3146,3
2021-01-28,Wallonia,1570,2
2021-01-29,Brussels,659,1
2021-01-29,Flanders,3038,3
2021-01-29,Wallonia,1516,2
2021-01-30,Brussels,436,1
2021-01-30,Flanders,2578,3
2021-01-30,Wallonia,1081,2
2021-01-31,Brussels,262,1
2021-01-31,Flanders,1445,3
2021-01-31,Wallonia,442,2
2021-02-01,Brussels,662,1
2021-02-01,Flanders,3250,3
2021-02-01,Wallonia,1832,2
2021-02-02,Brussels,500,1
2021-02-02,Flanders,3022,3
2021-02-02,Wallonia,1811,2
2021-02-03,Brussels,575,1
2021-02-03,Flanders,2975,3
2021-02-03,Wallonia,1501,2
2021-02-04,Brussels,664,1
2021-02-04,Flanders,2931,3
2021-02-04,Wallonia,1468,2
2021-02-05,Brussels,650,1
2021-02-05,Flanders,3120,3
2021-02-05,Wallonia,1395,2
2021-02-06,Brussels,392,1
2021-02-06,Flanders,2096,3
2021-02-06,Wallonia,999,2
2021-02-07,Brussels,185,1
2021-02-07,Flanders,1506,3
2021-02-07,Wallonia,634,2
2021-02-08,Brussels,417,1
2021-02-08,Flanders,2282,3
2021-02-08,Wallonia,1163,2
2021-02-09,Brussels,676,1
2021-02-09,Flanders,3080,3
2021-02-09,Wallonia,1482,2
2021-02-10,Brussels,561,1
2021-02-10,Flanders,2609,3
2021-02-10,Wallonia,1444,2
2021-02-11,Brussels,455,1
2021-02-11,Flanders,2493,3
2021-02-11,Wallonia,1632,2
2021-02-12,Brussels,569,1
2021-02-12,Flanders,2744,3
2021-02-12,Wallonia,1205,2
2021-02-13,Brussels,311,1
2021-02-13,Flanders,1921,3
2021-02-13,Wallonia,841,2
2021-02-14,Brussels,319,1
2021-02-14,Flanders,1232,3
2021-02-14,Wallonia,532,2
2021-02-15,Brussels,497,1
2021-02-15,Flanders,2716,3
2021-02-15,Wallonia,1116,2
2021-02-16,Brussels,627,1
2021-02-16,Flanders,2968,3
2021-02-16,Wallonia,1539,2
2021-02-17,Brussels,673,1
2021-02-17,Flanders,2848,3
2021-02-17,Wallonia,1648,2
2021-02-18,Brussels,646,1
2021-02-18,Flanders,3044,3
2021-02-18,Wallonia,1490,2
2021-02-19,Brussels,670,1
2021-02-19,Flanders,2865,3
2021-02-19,Wallonia,1615,2
2021-02-20,Brussels,559,1
2021-02-20,Flanders,1961,3
2021-02-20,Wallonia,1047,2
2021-02-21,Brussels,440,1
2021-02-21,Flanders,1283,3
2021-02-21,Wallonia,548,2
2021-02-22,Brussels,795,1
2021-02-22,Flanders,3148,3
2021-02-22,Wallonia,1550,2
2021-02-23,Brussels,775,1
2021-02-23,Flanders,3410,3
2021-02-23,Wallonia,1656,2
2021-02-24,Brussels,895,1
2021-02-24,Flanders,2898,3
2021-02-24,Wallonia,1784,2
2021-02-25,Brussels,759,1
2021-02-25,Flanders,2997,3
2021-02-25,Wallonia,1534,2
2021-02-26,Brussels,1118,1
2021-02-26,Flanders,3292,3
2021-02-26,Wallonia,2112,2
2021-02-27,Brussels,554,1
2021-02-27,Flanders,2410,3
2021-02-27,Wallonia,1300,2
2021-02-28,Brussels,509,1
2021-02-28,Flanders,1799,3
2021-02-28,Wallonia,509,1
2021-03-01,Brussels,823,1
2021-03-01,Flanders,2818,3
2021-03-01,Wallonia,1539,2
2021-03-02,Brussels,750,1
2021-03-02,Flanders,3352,3
2021-03-02,Wallonia,1960,2
2021-03-03,Brussels,884,1
2021-03-03,Flanders,2937,3
2021-03-03,Wallonia,1808,2
2021-03-04,Brussels,1020,1
2021-03-04,Flanders,3075,3
2021-03-04,Wallonia,1825,2
2021-03-05,Brussels,660,1
2021-03-05,Flanders,3056,3
2021-03-05,Wallonia,1925,2
2021-03-06,Brussels,543,1
2021-03-06,Flanders,2366,3
2021-03-06,Wallonia,1187,2
2021-03-07,Brussels,536,1
2021-03-07,Flanders,1647,3
2021-03-07,Wallonia,694,2
2021-03-08,Brussels,820,1
2021-03-08,Flanders,3286,3
2021-03-08,Wallonia,1660,2
2021-03-09,Brussels,884,1
2021-03-09,Flanders,3882,3
2021-03-09,Wallonia,2486,2
2021-03-10,Brussels,1009,1
2021-03-10,Flanders,3368,3
2021-03-10,Wallonia,1944,2
2021-03-11,Brussels,894,1
2021-03-11,Flanders,3395,3
2021-03-11,Wallonia,1808,2
2021-03-12,Brussels,1158,1
2021-03-12,Flanders,3512,3
2021-03-12,Wallonia,2215,2
2021-03-13,Brussels,935,1
2021-03-13,Flanders,2976,3
2021-03-13,Wallonia,1884,2
2021-03-14,Brussels,687,1
2021-03-14,Flanders,2501,3
2021-03-14,Wallonia,1046,2
2021-03-15,Brussels,1165,1
2021-03-15,Flanders,4334,3
2021-03-15,Wallonia,2568,2
2021-03-16,Brussels,1344,1
2021-03-16,Flanders,4460,3
2021-03-16,Wallonia,2744,2
2021-03-17,Brussels,1339,1
2021-03-17,Flanders,4807,3
2021-03-17,Wallonia,2592,2
2021-03-18,Brussels,1329,1
2021-03-18,Flanders,4415,3
2021-03-18,Wallonia,3194,2
2021-03-19,Brussels,1196,1
2021-03-19,Flanders,4291,3
2021-03-19,Wallonia,3117,2
2021-03-20,Brussels,1241,1
2021-03-20,Flanders,3779,3
2021-03-20,Wallonia,2330,2
2021-03-21,Brussels,693,1
2021-03-21,Flanders,2878,3
2021-03-21,Wallonia,1358,2
2021-03-22,Brussels,1344,1
2021-03-22,Flanders,5548,3
2021-03-22,Wallonia,3200,2
2021-03-23,Brussels,1726,1
2021-03-23,Flanders,5842,3
2021-03-23,Wallonia,3862,2
2021-03-24,Brussels,1705,1
2021-03-24,Flanders,5282,3
2021-03-24,Wallonia,3329,2
2021-03-25,Brussels,1451,1
2021-03-25,Flanders,5196,3
2021-03-25,Wallonia,3562,2
2021-03-26,Brussels,1302,1
2021-03-26,Flanders,4610,3
2021-03-26,Wallonia,3700,2
2021-03-27,Brussels,1238,1
2021-03-27,Flanders,4546,3
2021-03-27,Wallonia,2721,2
2021-03-28,Brussels,945,1
2021-03-28,Flanders,2653,3
2021-03-28,Wallonia,1933,2
2021-03-29,Brussels,1372,1
2021-03-29,Flanders,5137,3
2021-03-29,Wallonia,3391,2
2021-03-30,Brussels,1472,1
2021-03-30,Flanders,5833,3
2021-03-30,Wallonia,3977,2
2021-03-31,Brussels,1433,1
2021-03-31,Flanders,5459,3
2021-03-31,Wallonia,3858,2
2021-04-01,Brussels,1708,1
2021-04-01,Flanders,5003,3
2021-04-01,Wallonia,3532,2
2021-04-02,Brussels,1465,1
2021-04-02,Flanders,4828,3
2021-04-02,Wallonia,4189,2
2021-04-03,Brussels,1203,1
2021-04-03,Flanders,3623,3
2021-04-03,Wallonia,2680,2
2021-04-04,Brussels,671,1
2021-04-04,Flanders,2276,3
2021-04-04,Wallonia,1682,2
2021-04-05,Brussels,854,1
2021-04-05,Flanders,2959,3
2021-04-05,Wallonia,1894,2
2021-04-06,Brussels,1042,1
2021-04-06,Flanders,4890,3
2021-04-06,Wallonia,3839,2
2021-04-07,Brussels,1341,1
2021-04-07,Flanders,5537,3
2021-04-07,Wallonia,4161,2
2021-04-08,Brussels,1392,1
2021-04-08,Flanders,4454,3
2021-04-08,Wallonia,3403,2
2021-04-09,Brussels,1506,1
2021-04-09,Flanders,4693,3
2021-04-09,Wallonia,3480,2
2021-04-10,Brussels,882,1
2021-04-10,Flanders,3899,3
2021-04-10,Wallonia,2309,2
2021-04-11,Brussels,669,1
2021-04-11,Flanders,2726,3
2021-04-11,Wallonia,1586,2
2021-04-12,Brussels,1158,1
2021-04-12,Flanders,4734,3
2021-04-12,Wallonia,3025,2
2021-04-13,Brussels,1033,1
2021-04-13,Flanders,4694,3
2021-04-13,Wallonia,3540,2
2021-04-14,Brussels,1194,1
2021-04-14,Flanders,3829,3
2021-04-14,Wallonia,2873,2
2021-04-15,Brussels,1183,1
2021-04-15,Flanders,4074,3
2021-04-15,Wallonia,3157,2
2021-04-16,Brussels,1441,1
2021-04-16,Flanders,4096,3
2021-04-16,Wallonia,3189,2
2021-04-17,Brussels,1085,1
2021-04-17,Flanders,3411,3
2021-04-17,Wallonia,2311,2
2021-04-18,Brussels,832,1
2021-04-18,Flanders,2344,3
2021-04-18,Wallonia,1739,2
2021-04-19,Brussels,1356,1
2021-04-19,Flanders,4630,3
2021-04-19,Wallonia,3381,2
2021-04-20,Brussels,1620,1
2021-04-20,Flanders,5111,3
2021-04-20,Wallonia,3408,2
2021-04-21,Brussels,1159,1
2021-04-21,Flanders,4421,3
2021-04-21,Wallonia,3118,2
2021-04-22,Brussels,1194,1
2021-04-22,Flanders,3807,3
2021-04-22,Wallonia,3149,2
2021-04-23,Brussels,1063,1
2021-04-23,Flanders,3951,3
2021-04-23,Wallonia,2820,2
2021-04-24,Brussels,910,1
2021-04-24,Flanders,3036,3
2021-04-24,Wallonia,2106,2
2021-04-25,Brussels,741,1
2021-04-25,Flanders,2060,3
2021-04-25,Wallonia,1061,2
2021-04-26,Brussels,859,1
2021-04-26,Flanders,3611,3
2021-04-26,Wallonia,2766,2
2021-04-27,Brussels,1258,1
2021-04-27,Flanders,3690,3
2021-04-27,Wallonia,3114,2
2021-04-28,Brussels,939,1
2021-04-28,Flanders,3618,3
2021-04-28,Wallonia,2881,2
2021-04-29,Brussels,1025,1
2021-04-29,Flanders,3504,3
2021-04-29,Wallonia,2648,2
2021-04-30,Brussels,915,1
2021-04-30,Flanders,3551,3
2021-04-30,Wallonia,2553,2
2021-05-01,Brussels,724,1
2021-05-01,Flanders,2215,3
2021-05-01,Wallonia,1790,2
2021-05-02,Brussels,561,1
2021-05-02,Flanders,2309,3
2021-05-02,Wallonia,1042,2
2021-05-03,Brussels,769,1
2021-05-03,Flanders,3847,3
2021-05-03,Wallonia,2538,2
2021-05-04,Brussels,939,1
2021-05-04,Flanders,3692,3
2021-05-04,Wallonia,2478,2
2021-05-05,Brussels,793,1
2021-05-05,Flanders,3364,3
2021-05-05,Wallonia,2457,2
2021-05-06,Brussels,861,1
2021-05-06,Flanders,2949,3
2021-05-06,Wallonia,2360,2
2021-05-07,Brussels,539,1
2021-05-07,Flanders,3249,3
2021-05-07,Wallonia,2499,2
2021-05-08,Brussels,680,1
2021-05-08,Flanders,2292,3
2021-05-08,Wallonia,1663,2
2021-05-09,Brussels,500,1
2021-05-09,Flanders,1711,3
2021-05-09,Wallonia,1342,2
2021-05-10,Brussels,445,1
2021-05-10,Flanders,3305,3
2021-05-10,Wallonia,2069,2
2021-05-11,Brussels,657,1
2021-05-11,Flanders,3303,3
2021-05-11,Wallonia,2106,2
2021-05-12,Brussels,505,1
2021-05-12,Flanders,2715,3
2021-05-12,Wallonia,2334,2
2021-05-13,Brussels,344,1
2021-05-13,Flanders,1900,3
2021-05-13,Wallonia,1083,2
2021-05-14,Brussels,506,1
2021-05-14,Flanders,2304,3
2021-05-14,Wallonia,1593,2
2021-05-15,Brussels,665,1
2021-05-15,Flanders,1976,3
2021-05-15,Wallonia,1512,2
2021-05-16,Brussels,414,1
2021-05-16,Flanders,1283,3
2021-05-16,Wallonia,677,2
2021-05-17,Brussels,728,1
2021-05-17,Flanders,2735,3
2021-05-17,Wallonia,1902,2
2021-05-18,Brussels,656,1
2021-05-18,Flanders,2608,3
2021-05-18,Wallonia,2307,2
2021-05-19,Brussels,824,1
2021-05-19,Flanders,3039,3
2021-05-19,Wallonia,1835,2
2021-05-20,Brussels,344,1
2021-05-20,Flanders,2272,3
2021-05-20,Wallonia,1976,2
2021-05-21,Brussels,691,1
2021-05-21,Flanders,2178,3
2021-05-21,Wallonia,1851,2
2021-05-22,Brussels,436,1
2021-05-22,Flanders,1576,3
2021-05-22,Wallonia,1470,2
2021-05-23,Brussels,274,1
2021-05-23,Flanders,1106,3
2021-05-23,Wallonia,712,2
2021-05-24,Brussels,383,1
2021-05-24,Flanders,1085,3
2021-05-24,Wallonia,649,2
2021-05-25,Brussels,648,1
2021-05-25,Flanders,2148,3
2021-05-25,Wallonia,1583,2
2021-05-26,Brussels,493,1
2021-05-26,Flanders,2204,3
2021-05-26,Wallonia,1771,2
2021-05-27,Brussels,553,1
2021-05-27,Flanders,1712,3
2021-05-27,Wallonia,1541,2
2021-05-28,Brussels,414,1
2021-05-28,Flanders,1620,3
2021-05-28,Wallonia,1426,2
2021-05-29,Brussels,340,1
2021-05-29,Flanders,1179,3
2021-05-29,Wallonia,1096,2
2021-05-30,Brussels,256,1
2021-05-30,Flanders,833,3
2021-05-30,Wallonia,525,2
2021-05-31,Brussels,385,1
2021-05-31,Flanders,1533,3
2021-05-31,Wallonia,1073,2
2021-06-01,Brussels,335,1
2021-06-01,Flanders,1740,3
2021-06-01,Wallonia,1180,2
2021-06-02,Brussels,442,1
2021-06-02,Flanders,1601,3
2021-06-02,Wallonia,854,2
2021-06-03,Brussels,377,1
2021-06-03,Flanders,1236,3
2021-06-03,Wallonia,1212,2
2021-06-04,Brussels,470,1
2021-06-04,Flanders,1148,3
2021-06-04,Wallonia,1024,2
2021-06-05,Brussels,241,1
2021-06-05,Flanders,917,3
2021-06-05,Wallonia,725,2
2021-06-06,Brussels,197,1
2021-06-06,Flanders,525,3
2021-06-06,Wallonia,337,2
2021-06-07,Brussels,379,1
2021-06-07,Flanders,880,3
2021-06-07,Wallonia,650,2
2021-06-08,Brussels,510,1
2021-06-08,Flanders,888,3
2021-06-08,Wallonia,887,2
2021-06-09,Brussels,281,1
2021-06-09,Flanders,885,3
2021-06-09,Wallonia,746,2
2021-06-10,Brussels,336,1
2021-06-10,Flanders,631,3
2021-06-10,Wallonia,575,2
2021-06-11,Brussels,250,1
2021-06-11,Flanders,835,3
2021-06-11,Wallonia,436,2
2021-06-12,Brussels,227,1
2021-06-12,Flanders,456,3
2021-06-12,Wallonia,308,2
2021-06-13,Brussels,98,1
2021-06-13,Flanders,265,3
2021-06-13,Wallonia,100,2
2021-06-14,Brussels,183,1
2021-06-14,Flanders,668,3
2021-06-14,Wallonia,480,2
2021-06-15,Brussels,197,1
2021-06-15,Flanders,477,2
2021-06-15,Wallonia,535,3
2021-06-16,Brussels,133,1
2021-06-16,Flanders,359,3
2021-06-16,Wallonia,293,2
2021-06-17,Brussels,243,1
2021-06-17,Flanders,377,3
2021-06-17,Wallonia,275,2
2021-06-18,Brussels,176,1
2021-06-18,Flanders,435,3
2021-06-18,Wallonia,222,2
2021-06-19,Brussels,159,1
2021-06-19,Flanders,253,2
2021-06-19,Wallonia,274,3
2021-06-20,Brussels,73,1
2021-06-20,Flanders,195,3
2021-06-20,Wallonia,122,2
2021-06-21,Brussels,197,1
2021-06-21,Flanders,489,3
2021-06-21,Wallonia,210,2
2021-06-22,Brussels,161,2
2021-06-22,Flanders,387,3
2021-06-22,Wallonia,129,1
2021-06-23,Brussels,172,1
2021-06-23,Flanders,337,3
2021-06-23,Wallonia,282,2
2021-06-24,Brussels,171,1
2021-06-24,Flanders,281,2
2021-06-24,Wallonia,290,3
2021-06-25,Brussels,95,1
2021-06-25,Flanders,362,3
2021-06-25,Wallonia,114,2
2021-06-26,Brussels,114,1
2021-06-26,Flanders,200,3
2021-06-26,Wallonia,200,3
2021-06-27,Brussels,88,2
2021-06-27,Flanders,147,3
2021-06-27,Wallonia,58,1
2021-06-28,Brussels,144,1
2021-06-28,Flanders,405,3
2021-06-28,Wallonia,258,2
2021-06-29,Brussels,146,1
2021-06-29,Flanders,433,3
2021-06-29,Wallonia,183,2
2021-06-30,Brussels,166,1
2021-06-30,Flanders,409,3
2021-06-30,Wallonia,226,2
2021-07-01,Brussels,128,1
2021-07-01,Flanders,437,3
2021-07-01,Wallonia,189,2
2021-07-02,Brussels,166,1
2021-07-02,Flanders,530,3
2021-07-02,Wallonia,292,2
2021-07-03,Brussels,173,1
2021-07-03,Flanders,338,3
2021-07-03,Wallonia,203,2
2021-07-04,Brussels,89,1
2021-07-04,Flanders,295,3
2021-07-04,Wallonia,101,2
2021-07-05,Brussels,178,1
2021-07-05,Flanders,669,3
2021-07-05,Wallonia,279,2
2021-07-06,Brussels,268,1
2021-07-06,Flanders,770,3
2021-07-06,Wallonia,341,2
2021-07-07,Brussels,375,2
2021-07-07,Flanders,870,3
2021-07-07,Wallonia,341,1
2021-07-08,Brussels,212,1
2021-07-08,Flanders,808,3
2021-07-08,Wallonia,289,2
2021-07-09,Brussels,236,1
2021-07-09,Flanders,976,3
2021-07-09,Wallonia,370,2
2021-07-10,Brussels,185,1
2021-07-10,Flanders,824,3
2021-07-10,Wallonia,205,2
2021-07-11,Brussels,231,2
2021-07-11,Flanders,542,3
2021-07-11,Wallonia,131,1
2021-07-12,Brussels,319,1
2021-07-12,Flanders,1274,3
2021-07-12,Wallonia,353,2
2021-07-13,Brussels,364,1
2021-07-13,Flanders,1056,3
2021-07-13,Wallonia,430,2
2021-07-14,Brussels,307,1
2021-07-14,Flanders,1022,3
2021-07-14,Wallonia,445,2
2021-07-15,Brussels,370,1
2021-07-15,Flanders,1048,3
2021-07-15,Wallonia,383,2
2021-07-16,Brussels,372,1
2021-07-16,Flanders,1104,3
2021-07-16,Wallonia,484,2
2021-07-17,Brussels,333,2
2021-07-17,Flanders,848,3
2021-07-17,Wallonia,332,1
2021-07-18,Brussels,251,2
2021-07-18,Flanders,669,3
2021-07-18,Wallonia,132,1
2021-07-19,Brussels,450,1
2021-07-19,Flanders,1535,3
2021-07-19,Wallonia,550,2
2021-07-20,Brussels,437,1
2021-07-20,Flanders,1381,3
2021-07-20,Wallonia,595,2
2021-07-21,Brussels,200,2
2021-07-21,Flanders,790,3
2021-07-21,Wallonia,189,1
2021-07-22,Brussels,493,1
2021-07-22,Flanders,1291,3
2021-07-22,Wallonia,555,2
2021-07-23,Brussels,364,1
2021-07-23,Flanders,1216,3
2021-07-23,Wallonia,490,2
2021-07-24,Brussels,427,2
2021-07-24,Flanders,907,3
2021-07-24,Wallonia,330,1
2021-07-25,Brussels,261,2
2021-07-25,Flanders,740,3
2021-07-25,Wallonia,158,1
2021-07-26,Brussels,485,1
2021-07-26,Flanders,1468,3
2021-07-26,Wallonia,543,2
2021-07-27,Brussels,482,1
2021-07-27,Flanders,1243,3
2021-07-27,Wallonia,537,2
2021-07-28,Brussels,531,2
2021-07-28,Flanders,1366,3
2021-07-28,Wallonia,524,1
2021-07-29,Brussels,616,2
2021-07-29,Flanders,1227,3
2021-07-29,Wallonia,535,1
2021-07-30,Brussels,476,1
2021-07-30,Flanders,1175,3
2021-07-30,Wallonia,552,2
2021-07-31,Brussels,410,1
2021-07-31,Flanders,957,3
2021-07-31,Wallonia,419,2
2021-08-01,Brussels,370,2
2021-08-01,Flanders,1000,3
2021-08-01,Wallonia,219,1
2021-08-02,Brussels,541,1
2021-08-02,Flanders,1669,3
2021-08-02,Wallonia,715,2
2021-08-03,Brussels,493,1
2021-08-03,Flanders,1441,3
2021-08-03,Wallonia,749,2
2021-08-04,Brussels,579,1
2021-08-04,Flanders,1231,3
2021-08-04,Wallonia,702,2
2021-08-05,Brussels,599,2
2021-08-05,Flanders,1337,3
2021-08-05,Wallonia,555,1
2021-08-06,Brussels,651,1
2021-08-06,Flanders,1487,3
2021-08-06,Wallonia,705,2
2021-08-07,Brussels,593,2
2021-08-07,Flanders,994,3
2021-08-07,Wallonia,488,1
2021-08-08,Brussels,459,2
2021-08-08,Flanders,879,3
2021-08-08,Wallonia,248,1
2021-08-09,Brussels,851,2
2021-08-09,Flanders,1750,3
2021-08-09,Wallonia,848,1
2021-08-10,Brussels,810,1
2021-08-10,Flanders,1564,3
2021-08-10,Wallonia,996,2
2021-08-11,Brussels,687,1
2021-08-11,Flanders,1200,3
2021-08-11,Wallonia,847,2
2021-08-12,Brussels,642,1
2021-08-12,Flanders,1417,3
2021-08-12,Wallonia,1056,2
2021-08-13,Brussels,851,1
2021-08-13,Flanders,1524,3
2021-08-13,Wallonia,1028,2
2021-08-14,Brussels,627,2
2021-08-14,Flanders,971,3
2021-08-14,Wallonia,597,1
2021-08-15,Brussels,502,2
2021-08-15,Flanders,574,3
2021-08-15,Wallonia,354,1
2021-08-16,Brussels,869,1
2021-08-16,Flanders,1811,3
2021-08-16,Wallonia,986,2
2021-08-17,Brussels,944,1
2021-08-17,Flanders,1724,3
2021-08-17,Wallonia,1012,2
2021-08-18,Brussels,848,1
2021-08-18,Flanders,1662,3
2021-08-18,Wallonia,928,2
2021-08-19,Brussels,742,1
2021-08-19,Flanders,1313,3
2021-08-19,Wallonia,975,2
2021-08-20,Brussels,806,1
2021-08-20,Flanders,1368,3
2021-08-20,Wallonia,909,2
2021-08-21,Brussels,669,2
2021-08-21,Flanders,1041,3
2021-08-21,Wallonia,520,1
2021-08-22,Brussels,574,2
2021-08-22,Flanders,768,3
2021-08-22,Wallonia,297,1
2021-08-23,Brussels,789,1
2021-08-23,Flanders,1649,3
2021-08-23,Wallonia,1220,2
2021-08-24,Brussels,845,1
2021-08-24,Flanders,1825,3
2021-08-24,Wallonia,1062,2
2021-08-25,Brussels,871,2
2021-08-25,Flanders,1703,3
2021-08-25,Wallonia,850,1
2021-08-26,Brussels,944,1
2021-08-26,Flanders,1318,3
2021-08-26,Wallonia,946,2
2021-08-27,Brussels,850,1
2021-08-27,Flanders,1470,3
2021-08-27,Wallonia,887,2
2021-08-28,Brussels,678,1
2021-08-28,Flanders,940,3
2021-08-28,Wallonia,878,2
2021-08-29,Brussels,477,2
2021-08-29,Flanders,633,3
2021-08-29,Wallonia,459,1
2021-08-30,Brussels,904,1
2021-08-30,Flanders,1796,3
2021-08-30,Wallonia,1212,2
2021-08-31,Brussels,1019,1
2021-08-31,Flanders,1493,3
2021-08-31,Wallonia,1303,2
2021-09-01,Brussels,1055,2
2021-09-01,Flanders,1359,3
2021-09-01,Wallonia,1050,1
2021-09-02,Brussels,919,1
2021-09-02,Flanders,1436,3
2021-09-02,Wallonia,1122,2
2021-09-03,Brussels,722,1
2021-09-03,Flanders,1361,3
2021-09-03,Wallonia,1174,2
2021-09-04,Brussels,765,2
2021-09-04,Flanders,1013,3
2021-09-04,Wallonia,706,1
2021-09-05,Brussels,593,2
2021-09-05,Flanders,625,3
2021-09-05,Wallonia,478,1
2021-09-06,Brussels,1041,1
2021-09-06,Flanders,1394,2
2021-09-06,Wallonia,1547,3
2021-09-07,Brussels,1133,1
2021-09-07,Flanders,1280,2
2021-09-07,Wallonia,1419,3
2021-09-08,Brussels,1033,1
2021-09-08,Flanders,1199,3
2021-09-08,Wallonia,1123,2
2021-09-09,Brussels,874,1
2021-09-09,Flanders,1246,3
2021-09-09,Wallonia,1105,2
2021-09-10,Brussels,828,1
2021-09-10,Flanders,1318,3
2021-09-10,Wallonia,1260,2
2021-09-11,Brussels,570,1
2021-09-11,Flanders,704,2
2021-09-11,Wallonia,754,3
2021-09-12,Brussels,416,2
2021-09-12,Flanders,540,3
2021-09-12,Wallonia,349,1
2021-09-13,Brussels,933,1
2021-09-13,Flanders,1581,3
2021-09-13,Wallonia,1369,2
2021-09-14,Brussels,1066,1
2021-09-14,Flanders,1259,2
2021-09-14,Wallonia,1490,3
2021-09-15,Brussels,684,1
2021-09-15,Flanders,1300,2
2021-09-15,Wallonia,1372,3
2021-09-16,Brussels,1077,1
2021-09-16,Flanders,1352,2
2021-09-16,Wallonia,1355,3
2021-09-17,Brussels,809,1
2021-09-17,Flanders,1212,2
2021-09-17,Wallonia,1374,3
2021-09-18,Brussels,462,1
2021-09-18,Flanders,925,3
2021-09-18,Wallonia,852,2
2021-09-19,Brussels,311,1
2021-09-19,Flanders,572,3
2021-09-19,Wallonia,411,2
2021-09-20,Brussels,932,1
2021-09-20,Flanders,1478,3
2021-09-20,Wallonia,1332,2
2021-09-21,Brussels,783,1
2021-09-21,Flanders,1110,3
2021-09-21,Wallonia,1462,2
2021-09-22,Brussels,719,1
2021-09-22,Flanders,1236,2
2021-09-22,Wallonia,1271,3
2021-09-23,Brussels,695,1
2021-09-23,Flanders,1204,2
2021-09-23,Wallonia,1330,3
2021-09-24,Brussels,639,1
2021-09-24,Flanders,912,2
2021-09-24,Wallonia,1247,3
2021-09-25,Brussels,526,1
2021-09-25,Flanders,748,2
2021-09-25,Wallonia,797,3
2021-09-26,Brussels,463,2
2021-09-26,Flanders,473,3
2021-09-26,Wallonia,407,1
2021-09-27,Brussels,740,1
2021-09-27,Flanders,1285,2
2021-09-27,Wallonia,1584,3
2021-09-28,Brussels,796,1
2021-09-28,Flanders,1345,2
2021-09-28,Wallonia,1527,3
2021-09-29,Brussels,645,1
2021-09-29,Flanders,1471,3
2021-09-29,Wallonia,1225,2
2021-09-30,Brussels,777,1
2021-09-30,Flanders,1194,2
2021-09-30,Wallonia,1360,3
2021-10-01,Brussels,664,1
2021-10-01,Flanders,1288,2
2021-10-01,Wallonia,1337,3
2021-10-02,Brussels,617,1
2021-10-02,Flanders,826,3
2021-10-02,Wallonia,701,2
2021-10-03,Brussels,585,3
2021-10-03,Flanders,485,2
2021-10-03,Wallonia,284,1
2021-10-04,Brussels,627,1
2021-10-04,Flanders,1328,2
2021-10-04,Wallonia,1585,3
2021-10-05,Brussels,770,1
2021-10-05,Flanders,1389,2
2021-10-05,Wallonia,1533,3
2021-10-06,Brussels,722,1
2021-10-06,Flanders,1505,3
2021-10-06,Wallonia,1423,2
2021-10-07,Brussels,636,1
2021-10-07,Flanders,1431,3
2021-10-07,Wallonia,1407,2
2021-10-08,Brussels,565,1
2021-10-08,Flanders,1610,3
2021-10-08,Wallonia,1510,2
2021-10-09,Brussels,502,1
2021-10-09,Flanders,915,2
2021-10-09,Wallonia,928,3
2021-10-10,Brussels,390,2
2021-10-10,Flanders,753,3
2021-10-10,Wallonia,330,1
2021-10-11,Brussels,768,1
2021-10-11,Flanders,2220,3
2021-10-11,Wallonia,1823,2
2021-10-12,Brussels,766,1
2021-10-12,Flanders,2261,3
2021-10-12,Wallonia,1681,2
2021-10-13,Brussels,820,1
2021-10-13,Flanders,2267,3
2021-10-13,Wallonia,1838,2
2021-10-14,Brussels,825,1
2021-10-14,Flanders,2414,3
2021-10-14,Wallonia,2056,2
2021-10-15,Brussels,789,1
2021-10-15,Flanders,2434,3
2021-10-15,Wallonia,2046,2
2021-10-16,Brussels,674,1
2021-10-16,Flanders,1837,3
2021-10-16,Wallonia,1577,2
2021-10-17,Brussels,423,1
2021-10-17,Flanders,1316,3
2021-10-17,Wallonia,795,2
2021-10-18,Brussels,1101,1
2021-10-18,Flanders,4171,3
2021-10-18,Wallonia,2828,2
2021-10-19,Brussels,946,1
2021-10-19,Flanders,4284,3
2021-10-19,Wallonia,3086,2
2021-10-20,Brussels,1259,1
2021-10-20,Flanders,4804,3
2021-10-20,Wallonia,2961,2
2021-10-21,Brussels,1242,1
2021-10-21,Flanders,4665,3
2021-10-21,Wallonia,3259,2
2021-10-22,Brussels,1142,1
2021-10-22,Flanders,4968,3
2021-10-22,Wallonia,3442,2
2021-10-23,Brussels,973,1
2021-10-23,Flanders,3110,3
2021-10-23,Wallonia,2131,2
2021-10-24,Brussels,751,1
2021-10-24,Flanders,2362,3
2021-10-24,Wallonia,1029,2
2021-10-25,Brussels,1265,1
2021-10-25,Flanders,6591,3
2021-10-25,Wallonia,4166,2
2021-10-26,Brussels,1337,1
2021-10-26,Flanders,6684,3
2021-10-26,Wallonia,4345,2
2021-10-27,Brussels,1357,1
2021-10-27,Flanders,6710,3
2021-10-27,Wallonia,4175,2
2021-10-28,Brussels,1097,1
2021-10-28,Flanders,6693,3
2021-10-28,Wallonia,4279,2
2021-10-29,Brussels,1402,1
2021-10-29,Flanders,7004,3
2021-10-29,Wallonia,4366,2
2021-10-30,Brussels,923,1
2021-10-30,Flanders,4644,3
2021-10-30,Wallonia,2940,2
2021-10-31,Brussels,506,1
2021-10-31,Flanders,3219,3
2021-10-31,Wallonia,1402,2
2021-11-01,Brussels,695,1
2021-11-01,Flanders,3963,3
2021-11-01,Wallonia,1243,2
2021-11-02,Brussels,1258,1
2021-11-02,Flanders,8550,3
2021-11-02,Wallonia,5118,2
2021-11-03,Brussels,1314,1
2021-11-03,Flanders,9096,3
2021-11-03,Wallonia,4822,2
2021-11-04,Brussels,1132,1
2021-11-04,Flanders,8334,3
2021-11-04,Wallonia,4568,2
2021-11-05,Brussels,1171,1
2021-11-05,Flanders,8986,3
2021-11-05,Wallonia,4382,2
2021-11-06,Brussels,1202,1
2021-11-06,Flanders,5629,3
2021-11-06,Wallonia,2913,2
2021-11-07,Brussels,796,1
2021-11-07,Flanders,4724,3
2021-11-07,Wallonia,1345,2
2021-11-08,Brussels,1471,1
2021-11-08,Flanders,11667,3
2021-11-08,Wallonia,5407,2
2021-11-09,Brussels,1483,1
2021-11-09,Flanders,11051,3
2021-11-09,Wallonia,5406,2
2021-11-10,Brussels,1560,1
2021-11-10,Flanders,11280,3
2021-11-10,Wallonia,5481,2
2021-11-11,Brussels,905,1
2021-11-11,Flanders,5939,3
2021-11-11,Wallonia,2453,2
2021-11-12,Brussels,1171,1
2021-11-12,Flanders,10698,3
2021-11-12,Wallonia,5231,2
2021-11-13,Brussels,1056,1
2021-11-13,Flanders,8510,3
2021-11-13,Wallonia,4136,2
2021-11-14,Brussels,854,1
2021-11-14,Flanders,6486,3
2021-11-14,Wallonia,2042,2
2021-11-15,Brussels,1755,1
2021-11-15,Flanders,16328,3
2021-11-15,Wallonia,6647,2
2021-11-16,Brussels,1820,1
2021-11-16,Flanders,15206,3
2021-11-16,Wallonia,6861,2
2021-11-17,Brussels,1606,1
2021-11-17,Flanders,15762,3
2021-11-17,Wallonia,6917,2
2021-11-18,Brussels,1690,1
2021-11-18,Flanders,16199,3
2021-11-18,Wallonia,6295,2
2021-11-19,Brussels,1771,1
2021-11-19,Flanders,16928,3
2021-11-19,Wallonia,6375,2
2021-11-20,Brussels,1361,1
2021-11-20,Flanders,11201,3
2021-11-20,Wallonia,4159,2
2021-11-21,Brussels,1120,1
2021-11-21,Flanders,8379,3
2021-11-21,Wallonia,2050,2
2021-11-22,Brussels,1994,1
2021-11-22,Flanders,20931,3
2021-11-22,Wallonia,7243,2
2021-11-23,Brussels,2226,1
2021-11-23,Flanders,18586,3
2021-11-23,Wallonia,7328,2
2021-11-24,Brussels,1848,1
2021-11-24,Flanders,17974,3
2021-11-24,Wallonia,6891,2
2021-11-25,Brussels,1797,1
2021-11-25,Flanders,18076,3
2021-11-25,Wallonia,7057,2
2021-11-26,Brussels,1898,1
2021-11-26,Flanders,17683,3
2021-11-26,Wallonia,6671,2
2021-11-27,Brussels,1684,1
2021-11-27,Flanders,11216,3
2021-11-27,Wallonia,4804,2
2021-11-28,Brussels,1179,1
2021-11-28,Flanders,8270,3
2021-11-28,Wallonia,2139,2
2021-11-29,Brussels,2179,1
2021-11-29,Flanders,20420,3
2021-11-29,Wallonia,7793,2
2021-11-30,Brussels,2139,1
2021-11-30,Flanders,17812,3
2021-11-30,Wallonia,8241,2
2021-12-01,Brussels,2357,1
2021-12-01,Flanders,16603,3
2021-12-01,Wallonia,7389,2
2021-12-02,Brussels,2063,1
2021-12-02,Flanders,15480,3
2021-12-02,Wallonia,6909,2
2021-12-03,Brussels,1988,1
2021-12-03,Flanders,14266,3
2021-12-03,Wallonia,7159,2
2021-12-04,Brussels,1679,1
2021-12-04,Flanders,9837,3
2021-12-04,Wallonia,4018,2
2021-12-05,Brussels,1217,1
2021-12-05,Flanders,6746,3
2021-12-05,Wallonia,2101,2
2021-12-06,Brussels,2071,1
2021-12-06,Flanders,15545,3
2021-12-06,Wallonia,6942,2
2021-12-07,Brussels,2133,1
2021-12-07,Flanders,12859,3
2021-12-07,Wallonia,7090,2
2021-12-08,Brussels,1908,1
2021-12-08,Flanders,12212,3
2021-12-08,Wallonia,6626,2
2021-12-09,Brussels,1929,1
2021-12-09,Flanders,11062,3
2021-12-09,Wallonia,6285,2
2021-12-10,Brussels,1878,1
2021-12-10,Flanders,10438,3
2021-12-10,Wallonia,6358,2
2021-12-11,Brussels,1465,1
2021-12-11,Flanders,6485,3
2021-12-11,Wallonia,4115,2
2021-12-12,Brussels,894,1
2021-12-12,Flanders,4683,3
2021-12-12,Wallonia,1954,2
2021-12-13,Brussels,1766,1
2021-12-13,Flanders,9830,3
2021-12-13,Wallonia,5801,2
2021-12-14,Brussels,2105,1
2021-12-14,Flanders,8345,3
2021-12-14,Wallonia,5598,2
2021-12-15,Brussels,1685,1
2021-12-15,Flanders,7508,3
2021-12-15,Wallonia,4421,2
2021-12-16,Brussels,1395,1
2021-12-16,Flanders,6242,3
2021-12-16,Wallonia,3849,2
2021-12-17,Brussels,1466,1
2021-12-17,Flanders,6175,3
2021-12-17,Wallonia,3394,2
2021-12-18,Brussels,1349,1
2021-12-18,Flanders,4111,3
2021-12-18,Wallonia,2455,2
2021-12-19,Brussels,909,1
2021-12-19,Flanders,2856,3
2021-12-19,Wallonia,1348,2
2021-12-20,Brussels,1592,1
2021-12-20,Flanders,5970,3
2021-12-20,Wallonia,4058,2
2021-12-21,Brussels,1585,1
2021-12-21,Flanders,5463,3
2021-12-21,Wallonia,3398,2
2021-12-22,Brussels,1759,1
2021-12-22,Flanders,5316,3
2021-12-22,Wallonia,3397,2
2021-12-23,Brussels,1706,1
2021-12-23,Flanders,4932,3
2021-12-23,Wallonia,3481,2
2021-12-24,Brussels,1403,1
2021-12-24,Flanders,4430,3
2021-12-24,Wallonia,2833,2
2021-12-25,Brussels,1146,1
2021-12-25,Flanders,2687,3
2021-12-25,Wallonia,1239,2
2021-12-26,Brussels,1259,1
2021-12-26,Flanders,3436,3
2021-12-26,Wallonia,1635,2
2021-12-27,Brussels,2377,1
2021-12-27,Flanders,7610,3
2021-12-27,Wallonia,4694,2
2021-12-28,Brussels,2652,1
2021-12-28,Flanders,7809,3
2021-12-28,Wallonia,5326,2
2021-12-29,Brussels,3070,1
2021-12-29,Flanders,8680,3
2021-12-29,Wallonia,5788,2
2021-12-30,Brussels,3319,1
2021-12-30,Flanders,9242,3
2021-12-30,Wallonia,6261,2
2021-12-31,Brussels,2708,1
2021-12-31,Flanders,7103,3
2021-12-31,Wallonia,5337,2
2022-01-01,Brussels,1396,1
2022-01-01,Flanders,3886,3
2022-01-01,Wallonia,1523,2
2022-01-02,Brussels,2781,2
2022-01-02,Flanders,6284,3
2022-01-02,Wallonia,2517,1
2022-01-03,Brussels,4612,1
2022-01-03,Flanders,16217,3
2022-01-03,Wallonia,9034,2
2022-01-04,Brussels,5601,1
2022-01-04,Flanders,16228,3
2022-01-04,Wallonia,10011,2
2022-01-05,Brussels,5176,1
2022-01-05,Flanders,14831,3
2022-01-05,Wallonia,9299,2
2022-01-06,Brussels,4827,1
2022-01-06,Flanders,13504,3
2022-01-06,Wallonia,8275,2
2022-01-07,Brussels,4620,1
2022-01-07,Flanders,14011,3
2022-01-07,Wallonia,8301,2
2022-01-08,Brussels,3789,1
2022-01-08,Flanders,9350,3
2022-01-08,Wallonia,5624,2
2022-01-09,Brussels,3106,2
2022-01-09,Flanders,8079,3
2022-01-09,Wallonia,2828,1
2022-01-10,Brussels,5698,1
2022-01-10,Flanders,22461,3
2022-01-10,Wallonia,11649,2
2022-01-11,Brussels,5725,1
2022-01-11,Flanders,18948,3
2022-01-11,Wallonia,10416,2
2022-01-12,Brussels,5528,1
2022-01-12,Flanders,19571,3
2022-01-12,Wallonia,9721,2
2022-01-13,Brussels,5200,1
2022-01-13,Flanders,18607,3
2022-01-13,Wallonia,9563,2
2022-01-14,Brussels,5360,1
2022-01-14,Flanders,20367,3
2022-01-14,Wallonia,10190,2
2022-01-15,Brussels,4052,1
2022-01-15,Flanders,14865,3
2022-01-15,Wallonia,7068,2
2022-01-16,Brussels,2816,1
2022-01-16,Flanders,11682,3
2022-01-16,Wallonia,3373,2
2022-01-17,Brussels,6734,1
2022-01-17,Flanders,40794,3
2022-01-17,Wallonia,17940,2
2022-01-18,Brussels,7886,1
2022-01-18,Flanders,38146,3
2022-01-18,Wallonia,19801,2
2022-01-19,Brussels,7797,1
2022-01-19,Flanders,38245,3
2022-01-19,Wallonia,20301,2
2022-01-20,Brussels,7285,1
2022-01-20,Flanders,37095,3
2022-01-20,Wallonia,19081,2
2022-01-21,Brussels,6871,1
2022-01-21,Flanders,35444,3
2022-01-21,Wallonia,20266,2
2022-01-22,Brussels,4875,1
2022-01-22,Flanders,22074,3
2022-01-22,Wallonia,11699,2
2022-01-23,Brussels,3481,1
2022-01-23,Flanders,17048,3
2022-01-23,Wallonia,5505,2
2022-01-24,Brussels,7651,1
2022-01-24,Flanders,47905,3
2022-01-24,Wallonia,25637,2
2022-01-25,Brussels,6878,1
2022-01-25,Flanders,38779,3
2022-01-25,Wallonia,24313,2
2022-01-26,Brussels,6113,1
2022-01-26,Flanders,34115,3
2022-01-26,Wallonia,20798,2
2022-01-27,Brussels,5387,1
2022-01-27,Flanders,31091,3
2022-01-27,Wallonia,18673,2
2022-01-28,Brussels,4786,1
2022-01-28,Flanders,27600,3
2022-01-28,Wallonia,16807,2
2022-01-29,Brussels,3190,1
2022-01-29,Flanders,16366,3
2022-01-29,Wallonia,10521,2
2022-01-30,Brussels,2235,1
2022-01-30,Flanders,11580,3
2022-01-30,Wallonia,4484,2
2022-01-31,Brussels,4682,1
2022-01-31,Flanders,32343,3
2022-01-31,Wallonia,19080,2
2022-02-01,Brussels,4088,1
2022-02-01,Flanders,24323,3
2022-02-01,Wallonia,16327,2
2022-02-02,Brussels,3544,1
2022-02-02,Flanders,20685,3
2022-02-02,Wallonia,13468,2
2022-02-03,Brussels,3114,1
2022-02-03,Flanders,18682,3
2022-02-03,Wallonia,11520,2
2022-02-04,Brussels,2766,1
2022-02-04,Flanders,15922,3
2022-02-04,Wallonia,10096,2
2022-02-05,Brussels,1912,1
2022-02-05,Flanders,10022,3
2022-02-05,Wallonia,6415,2
2022-02-06,Brussels,1418,1
2022-02-06,Flanders,8250,3
2022-02-06,Wallonia,3159,2
2022-02-07,Brussels,2813,1
2022-02-07,Flanders,19257,3
2022-02-07,Wallonia,10783,2
2022-02-08,Brussels,2092,1
2022-02-08,Flanders,14103,3
2022-02-08,Wallonia,8948,2
2022-02-09,Brussels,1987,1
2022-02-09,Flanders,12952,3
2022-02-09,Wallonia,7478,2
2022-02-10,Brussels,1635,1
2022-02-10,Flanders,11359,3
2022-02-10,Wallonia,6221,2
2022-02-11,Brussels,1891,1
2022-02-11,Flanders,10478,3
2022-02-11,Wallonia,6064,2
2022-02-12,Brussels,1269,1
2022-02-12,Flanders,7164,3
2022-02-12,Wallonia,3815,2
2022-02-13,Brussels,708,1
2022-02-13,Flanders,5888,3
2022-02-13,Wallonia,2118,2
2022-02-14,Brussels,1306,1
2022-02-14,Flanders,12698,3
2022-02-14,Wallonia,5404,2
2022-02-15,Brussels,1346,1
2022-02-15,Flanders,10793,3
2022-02-15,Wallonia,5248,2
2022-02-16,Brussels,1373,1
2022-02-16,Flanders,9205,3
2022-02-16,Wallonia,4671,2
2022-02-17,Brussels,1080,1
2022-02-17,Flanders,8361,3
2022-02-17,Wallonia,3936,2
2022-02-18,Brussels,1006,1
2022-02-18,Flanders,7018,3
2022-02-18,Wallonia,3523,2
2022-02-19,Brussels,660,1
2022-02-19,Flanders,5268,3
2022-02-19,Wallonia,2481,2
2022-02-20,Brussels,392,1
2022-02-20,Flanders,4058,3
2022-02-20,Wallonia,1286,2
2022-02-21,Brussels,891,1
2022-02-21,Flanders,9489,3
2022-02-21,Wallonia,3612,2
2022-02-22,Brussels,825,1
2022-02-22,Flanders,8154,3
2022-02-22,Wallonia,2742,2
2022-02-23,Brussels,882,1
2022-02-23,Flanders,7517,3
2022-02-23,Wallonia,2791,2
2022-02-24,Brussels,720,1
2022-02-24,Flanders,6660,3
2022-02-24,Wallonia,2476,2
2022-02-25,Brussels,529,1
2022-02-25,Flanders,5949,3
2022-02-25,Wallonia,2194,2
2022-02-26,Brussels,398,1
2022-02-26,Flanders,3763,3
2022-02-26,Wallonia,1390,2
2022-02-27,Brussels,404,1
2022-02-27,Flanders,2718,3
2022-02-27,Wallonia,816,2
2022-02-28,Brussels,705,1
2022-02-28,Flanders,7679,3
2022-02-28,Wallonia,2039,2
2022-03-01,Brussels,778,1
2022-03-01,Flanders,6883,3
2022-03-01,Wallonia,2251,2
2022-03-02,Brussels,900,1
2022-03-02,Flanders,7725,3
2022-03-02,Wallonia,2183,2
2022-03-03,Brussels,587,1
2022-03-03,Flanders,7315,3
2022-03-03,Wallonia,2006,2
2022-03-04,Brussels,850,1
2022-03-04,Flanders,7086,3
2022-03-04,Wallonia,1877,2
2022-03-05,Brussels,512,1
2022-03-05,Flanders,4885,3
2022-03-05,Wallonia,1180,2
2022-03-06,Brussels,358,1
2022-03-06,Flanders,4652,3
2022-03-06,Wallonia,815,2
2022-03-07,Brussels,791,1
2022-03-07,Flanders,11491,3
2022-03-07,Wallonia,2206,2
2022-03-08,Brussels,836,1
2022-03-08,Flanders,9666,3
2022-03-08,Wallonia,1974,2
2022-03-09,Brussels,720,1
2022-03-09,Flanders,9789,3
2022-03-09,Wallonia,1909,2
2022-03-10,Brussels,730,1
2022-03-10,Flanders,9112,3
2022-03-10,Wallonia,1683,2
2022-03-11,Brussels,606,1
2022-03-11,Flanders,9360,3
2022-03-11,Wallonia,1662,2
2022-03-12,Brussels,618,1
2022-03-12,Flanders,6245,3
2022-03-12,Wallonia,1327,2
2022-03-13,Brussels,291,1
2022-03-13,Flanders,5024,3
2022-03-13,Wallonia,611,2
2022-03-14,Brussels,1098,1
2022-03-14,Flanders,15102,3
2022-03-14,Wallonia,2504,2
2022-03-15,Brussels,934,1
2022-03-15,Flanders,12795,3
2022-03-15,Wallonia,2283,2
2022-03-16,Brussels,1116,1
2022-03-16,Flanders,12324,3
2022-03-16,Wallonia,2328,2
2022-03-17,Brussels,902,1
2022-03-17,Flanders,11171,3
2022-03-17,Wallonia,2228,2
2022-03-18,Brussels,830,1
2022-03-18,Flanders,10655,3
2022-03-18,Wallonia,2313,2
2022-03-19,Brussels,613,1
2022-03-19,Flanders,6877,3
2022-03-19,Wallonia,1222,2
2022-03-20,Brussels,321,1
2022-03-20,Flanders,5807,3
2022-03-20,Wallonia,727,2
2022-03-21,Brussels,1098,1
2022-03-21,Flanders,16505,3
2022-03-21,Wallonia,2948,2
2022-03-22,Brussels,1039,1
2022-03-22,Flanders,13865,3
2022-03-22,Wallonia,2782,2
2022-03-23,Brussels,949,1
2022-03-23,Flanders,14023,3
2022-03-23,Wallonia,2750,2
2022-03-24,Brussels,677,1
2022-03-24,Flanders,7909,3
2022-03-24,Wallonia,1371,2
2022-03-25,Flanders,295,3
2022-03-25,Wallonia,33,1
